{
  "type": "FeatureCollection",
  "generator": "overpass-turbo",
  "copyright": "The data included in this document is from www.openstreetmap.org. The data is made available under ODbL.",
  "timestamp": "2026-09-11T07:38:20Z",
  "features": [
    {
      "type": "Feature",
      "properties": {
        "@id": "relation/9381363",
        "admin_level": "8",
        "alt_name:ar": "كلكتا;كالكوتا",
        "alt_name:ur": "کولکاتا;کولکاتہ",
        "boundary": "administrative",
        "name": "Kolkata",
        "name:ar": "كلكتة",
        "name:azb": "کلکته",
        "name:bn": "কলকাতা",
        "name:en": "Kolkata",
        "name:fa": "کلکته",
        "name:hi": "कोलकाता",
        "name:hr": "Kolkata",
        "name:kk-Arab": "كالكۋتتا",
        "name:ks": "کَلٕکَتا",
        "name:pnb": "کلکتا",
        "name:ps": "کلکته",
        "name:pt": "Calcutá",
        "name:sd": "ڪلڪتو",
        "name:sk": "Kalkata",
        "name:ur": "کلکتہ",
        "name:zh": "加尔各答",
        "ref:LGD": "250299",
        "type": "boundary",
        "wikidata": "Q1348",
        "wikipedia": "en:Kolkata",
        "wikipedia:ar": "كلكتا",
        "wikipedia:ks": "کَلٕکَتا",
        "wikipedia:pnb": "کلکتا",
        "wikipedia:ps": "کلکته",
        "wikipedia:sd": "ڪلڪتو",
        "wikipedia:ur": "کولکاتا"
      },
      "geometry": {
        "type": "Polygon",
        "coordinates": [
          [
            [
              88.2685838,
              22.4885642
            ],
            [
              88.2695089,
              22.4883638
            ],
            [
              88.2701257,
              22.4879732
            ],
            [
              88.2701644,
              22.4878782
            ],
            [
              88.2701262,
              22.4876168
            ],
            [
              88.2701829,
              22.4875334
            ],
            [
              88.2711789,
              22.4872956
            ],
            [
              88.2713165,
              22.4869653
            ],
            [
              88.2714434,
              22.4867909
            ],
            [
              88.2721077,
              22.4865014
            ],
            [
              88.2723898,
              22.4863222
            ],
            [
              88.27312,
              22.4861911
            ],
            [
              88.2731821,
              22.4861162
            ],
            [
              88.2731416,
              22.4858932
            ],
            [
              88.2731712,
              22.4858053
            ],
            [
              88.2735804,
              22.4856688
            ],
            [
              88.2738347,
              22.4855291
            ],
            [
              88.2737915,
              22.4852619
            ],
            [
              88.2736831,
              22.4850387
            ],
            [
              88.273501,
              22.4850577
            ],
            [
              88.2733317,
              22.4849245
            ],
            [
              88.2731778,
              22.484238
            ],
            [
              88.2733206,
              22.4841631
            ],
            [
              88.2730888,
              22.4834648
            ],
            [
              88.2730681,
              22.4832683
            ],
            [
              88.2731025,
              22.4832202
            ],
            [
              88.2734477,
              22.4831618
            ],
            [
              88.2733903,
              22.482841
            ],
            [
              88.273393,
              22.4824242
            ],
            [
              88.2737311,
              22.4822136
            ],
            [
              88.274048,
              22.4823927
            ],
            [
              88.2751838,
              22.4823151
            ],
            [
              88.2758449,
              22.4820945
            ],
            [
              88.2759712,
              22.4819952
            ],
            [
              88.2757884,
              22.4817565
            ],
            [
              88.275653,
              22.4813141
            ],
            [
              88.2757409,
              22.4811755
            ],
            [
              88.275334,
              22.4797757
            ],
            [
              88.2754095,
              22.4797059
            ],
            [
              88.27535,
              22.4794531
            ],
            [
              88.275616,
              22.4793653
            ],
            [
              88.2755914,
              22.4792419
            ],
            [
              88.275748,
              22.4791844
            ],
            [
              88.2768504,
              22.47897
            ],
            [
              88.2767057,
              22.4785514
            ],
            [
              88.2769438,
              22.4784598
            ],
            [
              88.2768818,
              22.4772785
            ],
            [
              88.2775189,
              22.477105
            ],
            [
              88.2775973,
              22.4771688
            ],
            [
              88.2782444,
              22.4770618
            ],
            [
              88.2782183,
              22.4768688
            ],
            [
              88.2784693,
              22.4767843
            ],
            [
              88.2783471,
              22.4760456
            ],
            [
              88.2787813,
              22.4759197
            ],
            [
              88.2786577,
              22.4755
            ],
            [
              88.2785297,
              22.4755423
            ],
            [
              88.2784266,
              22.4749845
            ],
            [
              88.2786913,
              22.4748702
            ],
            [
              88.2785978,
              22.4747005
            ],
            [
              88.2787567,
              22.4746317
            ],
            [
              88.2786943,
              22.4744754
            ],
            [
              88.2788366,
              22.4744024
            ],
            [
              88.2788231,
              22.4742086
            ],
            [
              88.2789818,
              22.4741267
            ],
            [
              88.2787195,
              22.4736452
            ],
            [
              88.2786792,
              22.4733492
            ],
            [
              88.2787735,
              22.4725884
            ],
            [
              88.2786951,
              22.4723517
            ],
            [
              88.2787603,
              22.4718115
            ],
            [
              88.2791944,
              22.4718328
            ],
            [
              88.2795882,
              22.4719648
            ],
            [
              88.2796728,
              22.4721216
            ],
            [
              88.2805538,
              22.4717059
            ],
            [
              88.2813102,
              22.4709526
            ],
            [
              88.2816512,
              22.4707263
            ],
            [
              88.2824903,
              22.4702906
            ],
            [
              88.2827771,
              22.4699906
            ],
            [
              88.2829811,
              22.4698756
            ],
            [
              88.2834532,
              22.4698195
            ],
            [
              88.2835638,
              22.4700948
            ],
            [
              88.2836663,
              22.4701291
            ],
            [
              88.2858117,
              22.469401
            ],
            [
              88.2864223,
              22.4692362
            ],
            [
              88.2866072,
              22.4695165
            ],
            [
              88.2870019,
              22.4693286
            ],
            [
              88.2870759,
              22.4692079
            ],
            [
              88.287251,
              22.4691425
            ],
            [
              88.2872392,
              22.4689836
            ],
            [
              88.2873887,
              22.4689184
            ],
            [
              88.2873905,
              22.4688021
            ],
            [
              88.2877513,
              22.468791
            ],
            [
              88.287792,
              22.4687414
            ],
            [
              88.2879002,
              22.4684888
            ],
            [
              88.287902,
              22.4683643
            ],
            [
              88.2878567,
              22.4668337
            ],
            [
              88.2877868,
              22.4665383
            ],
            [
              88.2880726,
              22.4664796
            ],
            [
              88.2880551,
              22.4662687
            ],
            [
              88.287925,
              22.4661728
            ],
            [
              88.2878389,
              22.4657759
            ],
            [
              88.2882947,
              22.4656781
            ],
            [
              88.2876649,
              22.4630775
            ],
            [
              88.2878149,
              22.4630407
            ],
            [
              88.2878525,
              22.4629628
            ],
            [
              88.2877559,
              22.462676
            ],
            [
              88.288706,
              22.4625022
            ],
            [
              88.2886011,
              22.4621089
            ],
            [
              88.2886246,
              22.462046
            ],
            [
              88.2890096,
              22.4619623
            ],
            [
              88.2889035,
              22.4614435
            ],
            [
              88.2887053,
              22.4608673
            ],
            [
              88.2885926,
              22.4600645
            ],
            [
              88.2886155,
              22.4596802
            ],
            [
              88.28848,
              22.4592998
            ],
            [
              88.2883132,
              22.4593448
            ],
            [
              88.288067,
              22.4586222
            ],
            [
              88.2881139,
              22.4584523
            ],
            [
              88.287676,
              22.4564922
            ],
            [
              88.2876132,
              22.4564992
            ],
            [
              88.2875007,
              22.4560299
            ],
            [
              88.2876035,
              22.4560108
            ],
            [
              88.2874269,
              22.4549225
            ],
            [
              88.2857353,
              22.4497984
            ],
            [
              88.2883586,
              22.4499323
            ],
            [
              88.288304,
              22.4495632
            ],
            [
              88.288771,
              22.4486576
            ],
            [
              88.2896012,
              22.4481381
            ],
            [
              88.2915688,
              22.4473573
            ],
            [
              88.2929162,
              22.4455486
            ],
            [
              88.2933957,
              22.4455196
            ],
            [
              88.2938499,
              22.4455911
            ],
            [
              88.2942012,
              22.4454983
            ],
            [
              88.2943089,
              22.4449143
            ],
            [
              88.2935543,
              22.4435005
            ],
            [
              88.2934562,
              22.4428354
            ],
            [
              88.2943974,
              22.4422914
            ],
            [
              88.2953202,
              22.4420469
            ],
            [
              88.2984871,
              22.4412081
            ],
            [
              88.2989899,
              22.4411196
            ],
            [
              88.299469,
              22.4413194
            ],
            [
              88.2998978,
              22.4429373
            ],
            [
              88.3001418,
              22.4432948
            ],
            [
              88.3006487,
              22.4434701
            ],
            [
              88.303714,
              22.4426492
            ],
            [
              88.3051505,
              22.4425191
            ],
            [
              88.3098232,
              22.442393
            ],
            [
              88.3111614,
              22.4420857
            ],
            [
              88.3126313,
              22.4417481
            ],
            [
              88.3130298,
              22.4415936
            ],
            [
              88.3141748,
              22.4411498
            ],
            [
              88.3166214,
              22.4402013
            ],
            [
              88.3169593,
              22.4400703
            ],
            [
              88.317066,
              22.4400289
            ],
            [
              88.3194251,
              22.4398244
            ],
            [
              88.3199903,
              22.4398607
            ],
            [
              88.3206794,
              22.439877
            ],
            [
              88.3241604,
              22.4389513
            ],
            [
              88.3250432,
              22.4390638
            ],
            [
              88.3268862,
              22.4398863
            ],
            [
              88.3279546,
              22.4399521
            ],
            [
              88.3288072,
              22.4400046
            ],
            [
              88.3296287,
              22.4402892
            ],
            [
              88.3300656,
              22.4403658
            ],
            [
              88.3305024,
              22.4404424
            ],
            [
              88.3323556,
              22.440442
            ],
            [
              88.3330861,
              22.4406139
            ],
            [
              88.3342314,
              22.4411492
            ],
            [
              88.3355094,
              22.4412898
            ],
            [
              88.3366037,
              22.4412493
            ],
            [
              88.3382864,
              22.4406923
            ],
            [
              88.3411233,
              22.4377676
            ],
            [
              88.3413597,
              22.4375239
            ],
            [
              88.3420329,
              22.4363744
            ],
            [
              88.3427249,
              22.4351927
            ],
            [
              88.3434118,
              22.4346359
            ],
            [
              88.3447217,
              22.433879
            ],
            [
              88.346722,
              22.433926
            ],
            [
              88.3476717,
              22.4339245
            ],
            [
              88.3487506,
              22.4335321
            ],
            [
              88.3497854,
              22.4342927
            ],
            [
              88.3500679,
              22.4347807
            ],
            [
              88.3506792,
              22.4367714
            ],
            [
              88.3510147,
              22.438857
            ],
            [
              88.3514481,
              22.4397033
            ],
            [
              88.3513564,
              22.4407654
            ],
            [
              88.3512339,
              22.441928
            ],
            [
              88.3510703,
              22.4427096
            ],
            [
              88.3512111,
              22.4429663
            ],
            [
              88.3513519,
              22.443223
            ],
            [
              88.3521813,
              22.4444334
            ],
            [
              88.3528171,
              22.4465006
            ],
            [
              88.352599,
              22.4479634
            ],
            [
              88.352881,
              22.4490551
            ],
            [
              88.3529401,
              22.4492067
            ],
            [
              88.3530081,
              22.4493814
            ],
            [
              88.3531453,
              22.4497335
            ],
            [
              88.352423,
              22.4507564
            ],
            [
              88.3518507,
              22.451567
            ],
            [
              88.3487415,
              22.4503196
            ],
            [
              88.3473333,
              22.4508442
            ],
            [
              88.3470077,
              22.4507874
            ],
            [
              88.3463851,
              22.4504582
            ],
            [
              88.3458581,
              22.4504163
            ],
            [
              88.3455058,
              22.4505161
            ],
            [
              88.344888,
              22.4515534
            ],
            [
              88.3443028,
              22.452267
            ],
            [
              88.3440076,
              22.4525451
            ],
            [
              88.3423643,
              22.4532256
            ],
            [
              88.3428716,
              22.4541868
            ],
            [
              88.3427218,
              22.4543984
            ],
            [
              88.3427034,
              22.4546709
            ],
            [
              88.3429192,
              22.4555914
            ],
            [
              88.3430035,
              22.4558266
            ],
            [
              88.3432433,
              22.4556564
            ],
            [
              88.3436911,
              22.4551481
            ],
            [
              88.3440839,
              22.4552009
            ],
            [
              88.3445701,
              22.4555613
            ],
            [
              88.3451456,
              22.4557808
            ],
            [
              88.3457027,
              22.4557268
            ],
            [
              88.3457444,
              22.4558278
            ],
            [
              88.346554,
              22.4556164
            ],
            [
              88.3476049,
              22.4554421
            ],
            [
              88.3487777,
              22.4551418
            ],
            [
              88.3494541,
              22.4552893
            ],
            [
              88.3500025,
              22.4551978
            ],
            [
              88.3507882,
              22.455299
            ],
            [
              88.3511269,
              22.4552239
            ],
            [
              88.351218,
              22.4552548
            ],
            [
              88.3516915,
              22.455137
            ],
            [
              88.3518992,
              22.4560231
            ],
            [
              88.352268,
              22.4569374
            ],
            [
              88.3527262,
              22.4572871
            ],
            [
              88.35269,
              22.4573238
            ],
            [
              88.3527785,
              22.4574409
            ],
            [
              88.3537165,
              22.4581447
            ],
            [
              88.3543506,
              22.4587103
            ],
            [
              88.3548575,
              22.459616
            ],
            [
              88.3555145,
              22.4594327
            ],
            [
              88.3556719,
              22.4597973
            ],
            [
              88.3560288,
              22.4597275
            ],
            [
              88.3562336,
              22.4603594
            ],
            [
              88.3569885,
              22.4602966
            ],
            [
              88.3571177,
              22.4608152
            ],
            [
              88.3573721,
              22.461034
            ],
            [
              88.3576251,
              22.4613623
            ],
            [
              88.3580937,
              22.4618379
            ],
            [
              88.3582189,
              22.4618893
            ],
            [
              88.3585748,
              22.4618698
            ],
            [
              88.3586523,
              22.4617939
            ],
            [
              88.3587256,
              22.4615673
            ],
            [
              88.3595706,
              22.4613911
            ],
            [
              88.3598819,
              22.4622366
            ],
            [
              88.3599448,
              22.4623058
            ],
            [
              88.3602673,
              22.4624401
            ],
            [
              88.3605697,
              22.4623716
            ],
            [
              88.3606149,
              22.4626527
            ],
            [
              88.3614543,
              22.4625089
            ],
            [
              88.361495,
              22.4625369
            ],
            [
              88.3615362,
              22.4628316
            ],
            [
              88.3621156,
              22.4627881
            ],
            [
              88.3621458,
              22.4631241
            ],
            [
              88.3619056,
              22.4631702
            ],
            [
              88.3619379,
              22.4633665
            ],
            [
              88.3621503,
              22.4633394
            ],
            [
              88.3622114,
              22.4633884
            ],
            [
              88.3631143,
              22.4632747
            ],
            [
              88.3636324,
              22.4632929
            ],
            [
              88.3636316,
              22.463542
            ],
            [
              88.3639708,
              22.46354
            ],
            [
              88.3639966,
              22.463253
            ],
            [
              88.3640545,
              22.4632488
            ],
            [
              88.3641077,
              22.4625894
            ],
            [
              88.363946,
              22.4624785
            ],
            [
              88.3637924,
              22.4622527
            ],
            [
              88.3633237,
              22.4620992
            ],
            [
              88.3631198,
              22.4618088
            ],
            [
              88.3627834,
              22.4615497
            ],
            [
              88.3617726,
              22.4614449
            ],
            [
              88.3612904,
              22.461519
            ],
            [
              88.361134,
              22.4612348
            ],
            [
              88.3610074,
              22.4607191
            ],
            [
              88.3607176,
              22.4600236
            ],
            [
              88.3605833,
              22.459916
            ],
            [
              88.3599812,
              22.4597016
            ],
            [
              88.3596855,
              22.4584257
            ],
            [
              88.3614763,
              22.4575081
            ],
            [
              88.3618543,
              22.4573619
            ],
            [
              88.3618522,
              22.4570864
            ],
            [
              88.3620122,
              22.4569954
            ],
            [
              88.3619847,
              22.4569044
            ],
            [
              88.361927,
              22.456882
            ],
            [
              88.3610448,
              22.4569433
            ],
            [
              88.3606609,
              22.4570752
            ],
            [
              88.3605721,
              22.4570402
            ],
            [
              88.3604117,
              22.4563365
            ],
            [
              88.360334,
              22.454782
            ],
            [
              88.3605989,
              22.4545
            ],
            [
              88.3608247,
              22.4544981
            ],
            [
              88.3610163,
              22.4544111
            ],
            [
              88.36124,
              22.4541916
            ],
            [
              88.3613136,
              22.4540201
            ],
            [
              88.3615372,
              22.4537929
            ],
            [
              88.3619201,
              22.4536032
            ],
            [
              88.3621774,
              22.4533991
            ],
            [
              88.3622596,
              22.453243
            ],
            [
              88.3623063,
              22.4528852
            ],
            [
              88.3622747,
              22.4522251
            ],
            [
              88.3625837,
              22.4521759
            ],
            [
              88.3627042,
              22.4525167
            ],
            [
              88.36328,
              22.4523798
            ],
            [
              88.363557,
              22.4524785
            ],
            [
              88.3637579,
              22.4524923
            ],
            [
              88.3641158,
              22.4523106
            ],
            [
              88.3643506,
              22.4523612
            ],
            [
              88.3644246,
              22.4525341
            ],
            [
              88.3646619,
              22.4525688
            ],
            [
              88.3647514,
              22.4526322
            ],
            [
              88.365511,
              22.4526303
            ],
            [
              88.3656595,
              22.4531685
            ],
            [
              88.3657161,
              22.4538715
            ],
            [
              88.3661081,
              22.4539806
            ],
            [
              88.3662248,
              22.4540862
            ],
            [
              88.366326,
              22.454313
            ],
            [
              88.3663293,
              22.4548571
            ],
            [
              88.3677946,
              22.4549409
            ],
            [
              88.368104,
              22.4548514
            ],
            [
              88.3682216,
              22.4554981
            ],
            [
              88.3683466,
              22.4558886
            ],
            [
              88.3683703,
              22.4562947
            ],
            [
              88.3689723,
              22.4562187
            ],
            [
              88.3700195,
              22.453583
            ],
            [
              88.369605,
              22.4536343
            ],
            [
              88.3693977,
              22.4536073
            ],
            [
              88.3693126,
              22.4533677
            ],
            [
              88.3683413,
              22.4535201
            ],
            [
              88.3681501,
              22.4530219
            ],
            [
              88.3681411,
              22.4521088
            ],
            [
              88.3684057,
              22.4516548
            ],
            [
              88.3691692,
              22.4514177
            ],
            [
              88.369748,
              22.4513241
            ],
            [
              88.3698267,
              22.4509101
            ],
            [
              88.3703929,
              22.4506073
            ],
            [
              88.3721288,
              22.4503235
            ],
            [
              88.3722217,
              22.4509106
            ],
            [
              88.3722056,
              22.4511611
            ],
            [
              88.3723654,
              22.451341
            ],
            [
              88.3724131,
              22.4514701
            ],
            [
              88.3725722,
              22.4536298
            ],
            [
              88.3726456,
              22.4536684
            ],
            [
              88.3731676,
              22.4535855
            ],
            [
              88.3731795,
              22.4540137
            ],
            [
              88.3733663,
              22.4540812
            ],
            [
              88.3740938,
              22.4541893
            ],
            [
              88.3742713,
              22.4542627
            ],
            [
              88.3742913,
              22.4543375
            ],
            [
              88.3741949,
              22.4547025
            ],
            [
              88.3742733,
              22.4548102
            ],
            [
              88.3742952,
              22.4549523
            ],
            [
              88.3748827,
              22.4551778
            ],
            [
              88.3749461,
              22.4550918
            ],
            [
              88.375306,
              22.4552748
            ],
            [
              88.3753975,
              22.4550829
            ],
            [
              88.3753736,
              22.4550248
            ],
            [
              88.374999,
              22.4548324
            ],
            [
              88.3749926,
              22.4547681
            ],
            [
              88.3751627,
              22.4538937
            ],
            [
              88.3752368,
              22.453802
            ],
            [
              88.3754099,
              22.4538166
            ],
            [
              88.3756771,
              22.4540071
            ],
            [
              88.3757374,
              22.4542798
            ],
            [
              88.3758818,
              22.4543223
            ],
            [
              88.3763954,
              22.4546646
            ],
            [
              88.376462,
              22.4550888
            ],
            [
              88.3768483,
              22.4554774
            ],
            [
              88.3769873,
              22.4554594
            ],
            [
              88.3772132,
              22.4551032
            ],
            [
              88.3773461,
              22.4549847
            ],
            [
              88.3772257,
              22.4549102
            ],
            [
              88.3777033,
              22.4543587
            ],
            [
              88.3779984,
              22.4544921
            ],
            [
              88.3782345,
              22.4544225
            ],
            [
              88.379101,
              22.4548886
            ],
            [
              88.3795373,
              22.4552072
            ],
            [
              88.3797001,
              22.4550987
            ],
            [
              88.3800384,
              22.4552142
            ],
            [
              88.3800488,
              22.4553027
            ],
            [
              88.379842,
              22.4556055
            ],
            [
              88.3802092,
              22.4560895
            ],
            [
              88.3802406,
              22.4563726
            ],
            [
              88.3799594,
              22.456871
            ],
            [
              88.3799889,
              22.4569593
            ],
            [
              88.3802567,
              22.4570367
            ],
            [
              88.3804856,
              22.4570436
            ],
            [
              88.3806484,
              22.4571131
            ],
            [
              88.3806816,
              22.4575733
            ],
            [
              88.3811425,
              22.457897
            ],
            [
              88.3815564,
              22.458292
            ],
            [
              88.382306,
              22.4587135
            ],
            [
              88.3823256,
              22.4587665
            ],
            [
              88.3822408,
              22.4588735
            ],
            [
              88.3819857,
              22.4591148
            ],
            [
              88.381758,
              22.4592319
            ],
            [
              88.381311,
              22.4593509
            ],
            [
              88.3805186,
              22.4604417
            ],
            [
              88.3800248,
              22.460811
            ],
            [
              88.3797114,
              22.4609377
            ],
            [
              88.37958,
              22.4611514
            ],
            [
              88.3792901,
              22.4614336
            ],
            [
              88.3789391,
              22.4619538
            ],
            [
              88.3783911,
              22.4626053
            ],
            [
              88.3783124,
              22.4628495
            ],
            [
              88.3783443,
              22.4629188
            ],
            [
              88.3796,
              22.4636287
            ],
            [
              88.3794551,
              22.464094
            ],
            [
              88.3801041,
              22.4643223
            ],
            [
              88.3814052,
              22.4645532
            ],
            [
              88.3826379,
              22.464937
            ],
            [
              88.3830207,
              22.4651142
            ],
            [
              88.3836251,
              22.4653098
            ],
            [
              88.3848266,
              22.4655561
            ],
            [
              88.3852549,
              22.4655389
            ],
            [
              88.3862974,
              22.4652343
            ],
            [
              88.3869425,
              22.4651775
            ],
            [
              88.388007,
              22.4652091
            ],
            [
              88.3889582,
              22.4653792
            ],
            [
              88.3905022,
              22.4658621
            ],
            [
              88.3913022,
              22.4660501
            ],
            [
              88.3921993,
              22.4661923
            ],
            [
              88.3924624,
              22.4663038
            ],
            [
              88.3930667,
              22.4662843
            ],
            [
              88.3944199,
              22.4665109
            ],
            [
              88.3943494,
              22.4669697
            ],
            [
              88.3946101,
              22.4676435
            ],
            [
              88.3946716,
              22.4679256
            ],
            [
              88.3952549,
              22.4686255
            ],
            [
              88.3959288,
              22.4692334
            ],
            [
              88.3965804,
              22.4696706
            ],
            [
              88.3973998,
              22.4703631
            ],
            [
              88.398019,
              22.4709588
            ],
            [
              88.3984576,
              22.4712081
            ],
            [
              88.3987535,
              22.4715029
            ],
            [
              88.398911,
              22.4717563
            ],
            [
              88.3990182,
              22.4716784
            ],
            [
              88.3995547,
              22.4721577
            ],
            [
              88.3997708,
              22.4724844
            ],
            [
              88.4002372,
              22.4723525
            ],
            [
              88.4003865,
              22.47269
            ],
            [
              88.4008288,
              22.472696
            ],
            [
              88.4018613,
              22.4726234
            ],
            [
              88.4033757,
              22.4721024
            ],
            [
              88.4034136,
              22.4722217
            ],
            [
              88.4036181,
              22.4722092
            ],
            [
              88.4037021,
              22.4722806
            ],
            [
              88.403931,
              22.4722919
            ],
            [
              88.4049578,
              22.4720947
            ],
            [
              88.4049831,
              22.4722406
            ],
            [
              88.4060259,
              22.472092
            ],
            [
              88.406634,
              22.4752744
            ],
            [
              88.4067282,
              22.4762311
            ],
            [
              88.4068409,
              22.4762246
            ],
            [
              88.406897,
              22.4765577
            ],
            [
              88.4066701,
              22.4765801
            ],
            [
              88.4066976,
              22.4767671
            ],
            [
              88.4066135,
              22.4767814
            ],
            [
              88.4066353,
              22.4771284
            ],
            [
              88.4067926,
              22.4770998
            ],
            [
              88.4068155,
              22.4771915
            ],
            [
              88.4069224,
              22.4772586
            ],
            [
              88.4069755,
              22.4774318
            ],
            [
              88.4070783,
              22.4774513
            ],
            [
              88.407227,
              22.477661
            ],
            [
              88.4079408,
              22.4779404
            ],
            [
              88.4085379,
              22.4777107
            ],
            [
              88.4088773,
              22.4777669
            ],
            [
              88.4106288,
              22.4776254
            ],
            [
              88.4114501,
              22.4774698
            ],
            [
              88.4117452,
              22.4774697
            ],
            [
              88.4133376,
              22.4772394
            ],
            [
              88.4141783,
              22.4771835
            ],
            [
              88.414261,
              22.4772301
            ],
            [
              88.4145954,
              22.4782189
            ],
            [
              88.4148637,
              22.4785382
            ],
            [
              88.4149069,
              22.4786629
            ],
            [
              88.4152167,
              22.4801175
            ],
            [
              88.4153994,
              22.480526
            ],
            [
              88.4155824,
              22.4812428
            ],
            [
              88.4156531,
              22.4813602
            ],
            [
              88.4157506,
              22.4814163
            ],
            [
              88.4162241,
              22.4814202
            ],
            [
              88.4164833,
              22.4814672
            ],
            [
              88.4165992,
              22.4815265
            ],
            [
              88.4167093,
              22.4816546
            ],
            [
              88.4168393,
              22.4822799
            ],
            [
              88.4168446,
              22.4827118
            ],
            [
              88.4166887,
              22.48294
            ],
            [
              88.416698,
              22.4832036
            ],
            [
              88.4171005,
              22.4833681
            ],
            [
              88.4171307,
              22.4836911
            ],
            [
              88.4172633,
              22.4840355
            ],
            [
              88.4175504,
              22.484449
            ],
            [
              88.4175238,
              22.484842
            ],
            [
              88.4177685,
              22.4849295
            ],
            [
              88.4178551,
              22.4851439
            ],
            [
              88.4178346,
              22.4854056
            ],
            [
              88.4177414,
              22.4857341
            ],
            [
              88.4177305,
              22.4861443
            ],
            [
              88.4179797,
              22.48688
            ],
            [
              88.4175801,
              22.4869046
            ],
            [
              88.4175405,
              22.4870635
            ],
            [
              88.4173745,
              22.4870816
            ],
            [
              88.417413,
              22.4873221
            ],
            [
              88.4172099,
              22.4874265
            ],
            [
              88.4172308,
              22.4877135
            ],
            [
              88.4171755,
              22.4877197
            ],
            [
              88.4171937,
              22.4878941
            ],
            [
              88.417148,
              22.4878966
            ],
            [
              88.4174451,
              22.4894973
            ],
            [
              88.4174989,
              22.4900937
            ],
            [
              88.4172079,
              22.4900748
            ],
            [
              88.4167166,
              22.4899018
            ],
            [
              88.4164399,
              22.4897012
            ],
            [
              88.4162688,
              22.4896436
            ],
            [
              88.4161423,
              22.4895144
            ],
            [
              88.4157539,
              22.489565
            ],
            [
              88.4154183,
              22.4896631
            ],
            [
              88.4152935,
              22.4898215
            ],
            [
              88.4150331,
              22.4900273
            ],
            [
              88.4144664,
              22.4903218
            ],
            [
              88.4141169,
              22.4901732
            ],
            [
              88.4137485,
              22.4901988
            ],
            [
              88.413099,
              22.4900844
            ],
            [
              88.4127205,
              22.4897573
            ],
            [
              88.4124747,
              22.4896428
            ],
            [
              88.4122958,
              22.489622
            ],
            [
              88.412024,
              22.4896558
            ],
            [
              88.4109456,
              22.4901219
            ],
            [
              88.4112569,
              22.491254
            ],
            [
              88.4113029,
              22.4922615
            ],
            [
              88.4114026,
              22.4922581
            ],
            [
              88.411446,
              22.4924877
            ],
            [
              88.411953,
              22.4922565
            ],
            [
              88.4121828,
              22.4922545
            ],
            [
              88.4123275,
              22.492204
            ],
            [
              88.4125762,
              22.4923037
            ],
            [
              88.4128396,
              22.4928764
            ],
            [
              88.4131554,
              22.4928902
            ],
            [
              88.4143719,
              22.4928112
            ],
            [
              88.4145288,
              22.4934127
            ],
            [
              88.4144482,
              22.4945909
            ],
            [
              88.4144657,
              22.4952369
            ],
            [
              88.414429,
              22.4953192
            ],
            [
              88.4132503,
              22.4959873
            ],
            [
              88.4131284,
              22.4960999
            ],
            [
              88.4130376,
              22.4966767
            ],
            [
              88.4130285,
              22.4976528
            ],
            [
              88.4114174,
              22.4980024
            ],
            [
              88.4113792,
              22.4981089
            ],
            [
              88.4114026,
              22.4984488
            ],
            [
              88.4106202,
              22.4982888
            ],
            [
              88.4105818,
              22.4984289
            ],
            [
              88.4102872,
              22.4983243
            ],
            [
              88.4100363,
              22.4983738
            ],
            [
              88.4100893,
              22.4984209
            ],
            [
              88.4100983,
              22.4985943
            ],
            [
              88.4100304,
              22.4989819
            ],
            [
              88.4100808,
              22.4999214
            ],
            [
              88.4103986,
              22.5022077
            ],
            [
              88.4103948,
              22.5023365
            ],
            [
              88.4103293,
              22.5024564
            ],
            [
              88.410757,
              22.5031017
            ],
            [
              88.4108548,
              22.5031199
            ],
            [
              88.4119389,
              22.5026428
            ],
            [
              88.412216,
              22.5026212
            ],
            [
              88.412471,
              22.5029483
            ],
            [
              88.4126678,
              22.5031088
            ],
            [
              88.4130349,
              22.5033442
            ],
            [
              88.4137058,
              22.5036322
            ],
            [
              88.4140097,
              22.5038399
            ],
            [
              88.4144996,
              22.5043425
            ],
            [
              88.4149127,
              22.5049366
            ],
            [
              88.4149886,
              22.5055454
            ],
            [
              88.414822,
              22.5069767
            ],
            [
              88.414749,
              22.5072479
            ],
            [
              88.4145912,
              22.5074816
            ],
            [
              88.4145775,
              22.5078878
            ],
            [
              88.4146568,
              22.5081984
            ],
            [
              88.4143429,
              22.5086355
            ],
            [
              88.4142802,
              22.5088255
            ],
            [
              88.414282,
              22.5090011
            ],
            [
              88.4143813,
              22.5095301
            ],
            [
              88.4144493,
              22.5103475
            ],
            [
              88.4150366,
              22.5123284
            ],
            [
              88.4157002,
              22.5122633
            ],
            [
              88.416441,
              22.5120302
            ],
            [
              88.4168549,
              22.5134607
            ],
            [
              88.4173891,
              22.5134165
            ],
            [
              88.4178657,
              22.513317
            ],
            [
              88.4182562,
              22.5137979
            ],
            [
              88.418345,
              22.5141579
            ],
            [
              88.4184667,
              22.5143471
            ],
            [
              88.4185611,
              22.5150829
            ],
            [
              88.4192453,
              22.515002
            ],
            [
              88.4197818,
              22.5149973
            ],
            [
              88.4199687,
              22.5157788
            ],
            [
              88.4199702,
              22.5161315
            ],
            [
              88.4198589,
              22.5164275
            ],
            [
              88.4199644,
              22.5169999
            ],
            [
              88.4201703,
              22.5170198
            ],
            [
              88.4208072,
              22.5173832
            ],
            [
              88.4211734,
              22.517309
            ],
            [
              88.421263,
              22.5175663
            ],
            [
              88.4214797,
              22.5176018
            ],
            [
              88.4214285,
              22.5177836
            ],
            [
              88.421497,
              22.5181717
            ],
            [
              88.4214814,
              22.5188296
            ],
            [
              88.4212517,
              22.5197071
            ],
            [
              88.4213179,
              22.5202557
            ],
            [
              88.4211405,
              22.5206226
            ],
            [
              88.4210578,
              22.521221
            ],
            [
              88.4212288,
              22.5214852
            ],
            [
              88.4216532,
              22.5218597
            ],
            [
              88.4222196,
              22.5224719
            ],
            [
              88.4226676,
              22.5223422
            ],
            [
              88.4229004,
              22.5221204
            ],
            [
              88.4232148,
              22.5215525
            ],
            [
              88.4236357,
              22.5210711
            ],
            [
              88.4238363,
              22.5209167
            ],
            [
              88.42395,
              22.5209181
            ],
            [
              88.4242569,
              22.5207863
            ],
            [
              88.4244245,
              22.5206322
            ],
            [
              88.4244052,
              22.5204704
            ],
            [
              88.4231995,
              22.5188829
            ],
            [
              88.4230124,
              22.5185938
            ],
            [
              88.4229247,
              22.5183632
            ],
            [
              88.4228572,
              22.5179864
            ],
            [
              88.4229156,
              22.5174768
            ],
            [
              88.4232407,
              22.5172102
            ],
            [
              88.4232802,
              22.5170938
            ],
            [
              88.4236111,
              22.5172021
            ],
            [
              88.4240319,
              22.5174588
            ],
            [
              88.4243639,
              22.5174117
            ],
            [
              88.4248095,
              22.5171026
            ],
            [
              88.4250073,
              22.5170712
            ],
            [
              88.4251068,
              22.5170959
            ],
            [
              88.4256438,
              22.5173647
            ],
            [
              88.4262375,
              22.5178481
            ],
            [
              88.426477,
              22.5181288
            ],
            [
              88.426811,
              22.5183198
            ],
            [
              88.4270883,
              22.5183705
            ],
            [
              88.4274607,
              22.5182341
            ],
            [
              88.4278794,
              22.5179615
            ],
            [
              88.4282188,
              22.5176751
            ],
            [
              88.4287284,
              22.517114
            ],
            [
              88.4290919,
              22.516796
            ],
            [
              88.4298088,
              22.5164624
            ],
            [
              88.4299091,
              22.5167154
            ],
            [
              88.4299658,
              22.5167483
            ],
            [
              88.4316504,
              22.5170971
            ],
            [
              88.4344356,
              22.5163374
            ],
            [
              88.4355871,
              22.5145127
            ],
            [
              88.4351004,
              22.5143858
            ],
            [
              88.4346912,
              22.5144089
            ],
            [
              88.4348575,
              22.5139856
            ],
            [
              88.4353325,
              22.5134693
            ],
            [
              88.4358666,
              22.5130865
            ],
            [
              88.4373308,
              22.5123829
            ],
            [
              88.4380319,
              22.5107915
            ],
            [
              88.439799,
              22.5085385
            ],
            [
              88.4399199,
              22.5086882
            ],
            [
              88.4400967,
              22.5088037
            ],
            [
              88.4401711,
              22.5091197
            ],
            [
              88.440478,
              22.5092025
            ],
            [
              88.4406495,
              22.5093734
            ],
            [
              88.4407139,
              22.5093784
            ],
            [
              88.4409346,
              22.5095476
            ],
            [
              88.4412798,
              22.5096266
            ],
            [
              88.4420652,
              22.5101655
            ],
            [
              88.4424017,
              22.5101887
            ],
            [
              88.4434286,
              22.5110242
            ],
            [
              88.4442004,
              22.5112596
            ],
            [
              88.444801,
              22.5109206
            ],
            [
              88.4450743,
              22.5105482
            ],
            [
              88.4453697,
              22.5102772
            ],
            [
              88.4456896,
              22.5098982
            ],
            [
              88.4462621,
              22.5093434
            ],
            [
              88.4465557,
              22.5091284
            ],
            [
              88.4468075,
              22.5087764
            ],
            [
              88.4471718,
              22.5084566
            ],
            [
              88.4476409,
              22.5079471
            ],
            [
              88.4480555,
              22.5077163
            ],
            [
              88.4482261,
              22.5072473
            ],
            [
              88.4484639,
              22.5074482
            ],
            [
              88.4494339,
              22.508485
            ],
            [
              88.450374,
              22.5087304
            ],
            [
              88.4511166,
              22.5090188
            ],
            [
              88.4519114,
              22.5092255
            ],
            [
              88.4534155,
              22.50912
            ],
            [
              88.4540716,
              22.5088835
            ],
            [
              88.4541282,
              22.5090127
            ],
            [
              88.4543545,
              22.5098585
            ],
            [
              88.4543057,
              22.5104658
            ],
            [
              88.4547383,
              22.5119296
            ],
            [
              88.4549356,
              22.5128607
            ],
            [
              88.4550736,
              22.5130889
            ],
            [
              88.4553273,
              22.5138855
            ],
            [
              88.4552956,
              22.5142454
            ],
            [
              88.4553301,
              22.5144373
            ],
            [
              88.4556075,
              22.5150297
            ],
            [
              88.4557203,
              22.5151048
            ],
            [
              88.4558293,
              22.5153322
            ],
            [
              88.4561198,
              22.516182
            ],
            [
              88.4563718,
              22.5162781
            ],
            [
              88.4564188,
              22.5166371
            ],
            [
              88.4565701,
              22.5170268
            ],
            [
              88.4569821,
              22.5174476
            ],
            [
              88.4570762,
              22.5176943
            ],
            [
              88.457116,
              22.5178638
            ],
            [
              88.4570476,
              22.5181164
            ],
            [
              88.4572108,
              22.5182458
            ],
            [
              88.457271,
              22.5190134
            ],
            [
              88.4571402,
              22.5202631
            ],
            [
              88.4581909,
              22.5203118
            ],
            [
              88.4589549,
              22.5230419
            ],
            [
              88.4539189,
              22.52467
            ],
            [
              88.4500564,
              22.5257644
            ],
            [
              88.4460604,
              22.5271336
            ],
            [
              88.4455432,
              22.5271999
            ],
            [
              88.4443167,
              22.5270405
            ],
            [
              88.4440485,
              22.5269569
            ],
            [
              88.4435836,
              22.5266789
            ],
            [
              88.4431938,
              22.5265965
            ],
            [
              88.4430669,
              22.5267287
            ],
            [
              88.4426837,
              22.5269562
            ],
            [
              88.4424742,
              22.5272491
            ],
            [
              88.4421074,
              22.5273969
            ],
            [
              88.4418524,
              22.5275581
            ],
            [
              88.4413281,
              22.5276532
            ],
            [
              88.4408119,
              22.5286945
            ],
            [
              88.4401789,
              22.5296177
            ],
            [
              88.4400489,
              22.5297418
            ],
            [
              88.4398648,
              22.5297664
            ],
            [
              88.4395334,
              22.5299398
            ],
            [
              88.4393061,
              22.5301423
            ],
            [
              88.4379776,
              22.5315693
            ],
            [
              88.4350583,
              22.5349776
            ],
            [
              88.434706,
              22.5355459
            ],
            [
              88.4343395,
              22.5362994
            ],
            [
              88.4337615,
              22.5368881
            ],
            [
              88.4337619,
              22.5369665
            ],
            [
              88.4338522,
              22.5371042
            ],
            [
              88.4325726,
              22.5380316
            ],
            [
              88.4321321,
              22.5384162
            ],
            [
              88.4305655,
              22.5395082
            ],
            [
              88.4298436,
              22.5399343
            ],
            [
              88.4292705,
              22.540454
            ],
            [
              88.4287248,
              22.5408148
            ],
            [
              88.4282106,
              22.5413183
            ],
            [
              88.4276812,
              22.5415668
            ],
            [
              88.4274415,
              22.5417382
            ],
            [
              88.4268066,
              22.5424554
            ],
            [
              88.4261294,
              22.5431093
            ],
            [
              88.4259467,
              22.5435075
            ],
            [
              88.4250491,
              22.5449091
            ],
            [
              88.4239379,
              22.545909
            ],
            [
              88.4232456,
              22.545564
            ],
            [
              88.4220131,
              22.547041
            ],
            [
              88.4210649,
              22.5479916
            ],
            [
              88.4197698,
              22.5495396
            ],
            [
              88.4186473,
              22.5509879
            ],
            [
              88.4183579,
              22.5512143
            ],
            [
              88.4174855,
              22.551678
            ],
            [
              88.4149184,
              22.5537087
            ],
            [
              88.4140412,
              22.5545714
            ],
            [
              88.4138062,
              22.5547394
            ],
            [
              88.4134258,
              22.5548505
            ],
            [
              88.4128297,
              22.5553295
            ],
            [
              88.4123551,
              22.5561547
            ],
            [
              88.4120822,
              22.5570704
            ],
            [
              88.4118932,
              22.5574803
            ],
            [
              88.4113393,
              22.5581133
            ],
            [
              88.4115986,
              22.5581446
            ],
            [
              88.4104718,
              22.559365
            ],
            [
              88.4092747,
              22.5607509
            ],
            [
              88.4088022,
              22.56139
            ],
            [
              88.4083254,
              22.5621683
            ],
            [
              88.4059162,
              22.5674843
            ],
            [
              88.4041893,
              22.570816
            ],
            [
              88.4034115,
              22.5725526
            ],
            [
              88.4013249,
              22.5805386
            ],
            [
              88.4000992,
              22.5830532
            ],
            [
              88.3988461,
              22.5857971
            ],
            [
              88.3980262,
              22.5872298
            ],
            [
              88.3968592,
              22.5897161
            ],
            [
              88.3964836,
              22.5901126
            ],
            [
              88.3962019,
              22.5907469
            ],
            [
              88.3958966,
              22.5912383
            ],
            [
              88.3956513,
              22.5915044
            ],
            [
              88.3951931,
              22.5916919
            ],
            [
              88.3950454,
              22.5918034
            ],
            [
              88.3949705,
              22.5919398
            ],
            [
              88.3949756,
              22.592111
            ],
            [
              88.3934037,
              22.5941266
            ],
            [
              88.3930365,
              22.5945463
            ],
            [
              88.3929472,
              22.5945783
            ],
            [
              88.3929306,
              22.5946639
            ],
            [
              88.3928029,
              22.5947089
            ],
            [
              88.391991,
              22.5955239
            ],
            [
              88.3919496,
              22.5956143
            ],
            [
              88.3916875,
              22.5958234
            ],
            [
              88.3916791,
              22.5959684
            ],
            [
              88.3931058,
              22.6020873
            ],
            [
              88.3933828,
              22.6035539
            ],
            [
              88.3936591,
              22.6057561
            ],
            [
              88.3937817,
              22.6080359
            ],
            [
              88.3937936,
              22.609609
            ],
            [
              88.3937303,
              22.6109863
            ],
            [
              88.3925087,
              22.6287017
            ],
            [
              88.3920822,
              22.6288053
            ],
            [
              88.3914463,
              22.6287978
            ],
            [
              88.3906304,
              22.6289815
            ],
            [
              88.3896521,
              22.6288758
            ],
            [
              88.388594,
              22.628924
            ],
            [
              88.3883204,
              22.6290068
            ],
            [
              88.3882366,
              22.629314
            ],
            [
              88.3880905,
              22.629421
            ],
            [
              88.3869556,
              22.6296438
            ],
            [
              88.3868836,
              22.6297197
            ],
            [
              88.386819,
              22.6299799
            ],
            [
              88.3861706,
              22.6301342
            ],
            [
              88.3856504,
              22.6302062
            ],
            [
              88.3844037,
              22.6302557
            ],
            [
              88.3840797,
              22.6304855
            ],
            [
              88.3825017,
              22.6306367
            ],
            [
              88.3814566,
              22.6308253
            ],
            [
              88.3808044,
              22.6308543
            ],
            [
              88.3805507,
              22.6306903
            ],
            [
              88.3798407,
              22.6307491
            ],
            [
              88.37632,
              22.6314243
            ],
            [
              88.3749199,
              22.6320029
            ],
            [
              88.3712751,
              22.6325679
            ],
            [
              88.3710712,
              22.632558
            ],
            [
              88.3709541,
              22.6322985
            ],
            [
              88.3709376,
              22.6319378
            ],
            [
              88.3700043,
              22.6318737
            ],
            [
              88.369216,
              22.6319855
            ],
            [
              88.3675765,
              22.6320836
            ],
            [
              88.3674953,
              22.6318133
            ],
            [
              88.3668784,
              22.6317403
            ],
            [
              88.366206,
              22.6315497
            ],
            [
              88.3659186,
              22.6315341
            ],
            [
              88.3656578,
              22.6315844
            ],
            [
              88.3646586,
              22.6316245
            ],
            [
              88.3643609,
              22.6315403
            ],
            [
              88.3644868,
              22.6311326
            ],
            [
              88.3645735,
              22.6310044
            ],
            [
              88.3645863,
              22.6308529
            ],
            [
              88.364754,
              22.6306089
            ],
            [
              88.364768,
              22.6304171
            ],
            [
              88.3648649,
              22.6302682
            ],
            [
              88.3648462,
              22.630172
            ],
            [
              88.3649093,
              22.6301281
            ],
            [
              88.3648963,
              22.6300333
            ],
            [
              88.3650523,
              22.6299528
            ],
            [
              88.3650898,
              22.629864
            ],
            [
              88.3649798,
              22.6292664
            ],
            [
              88.3650929,
              22.6290161
            ],
            [
              88.3652371,
              22.6289538
            ],
            [
              88.3653931,
              22.6287219
            ],
            [
              88.3655053,
              22.6281467
            ],
            [
              88.365904,
              22.627095
            ],
            [
              88.3658589,
              22.6269366
            ],
            [
              88.3659101,
              22.6268371
            ],
            [
              88.3660976,
              22.6267164
            ],
            [
              88.3664188,
              22.6257877
            ],
            [
              88.3665692,
              22.6256404
            ],
            [
              88.3667976,
              22.6248625
            ],
            [
              88.3671534,
              22.6240615
            ],
            [
              88.3671864,
              22.6233756
            ],
            [
              88.3674969,
              22.6223549
            ],
            [
              88.3676621,
              22.6213907
            ],
            [
              88.3682968,
              22.6193594
            ],
            [
              88.3682842,
              22.6190334
            ],
            [
              88.3684093,
              22.6174277
            ],
            [
              88.3686811,
              22.615516
            ],
            [
              88.3687142,
              22.6142914
            ],
            [
              88.3684717,
              22.6122428
            ],
            [
              88.3682542,
              22.6111348
            ],
            [
              88.3677863,
              22.6093187
            ],
            [
              88.3677802,
              22.6091033
            ],
            [
              88.3675876,
              22.6088252
            ],
            [
              88.3672762,
              22.6081404
            ],
            [
              88.3670734,
              22.607927
            ],
            [
              88.3666141,
              22.6072265
            ],
            [
              88.3655581,
              22.605891
            ],
            [
              88.3650304,
              22.6054158
            ],
            [
              88.3644601,
              22.6048048
            ],
            [
              88.3637844,
              22.6044595
            ],
            [
              88.3637027,
              22.6040847
            ],
            [
              88.3638178,
              22.6040068
            ],
            [
              88.3635684,
              22.6037698
            ],
            [
              88.3616186,
              22.6021919
            ],
            [
              88.3613394,
              22.6022361
            ],
            [
              88.3614301,
              22.6020254
            ],
            [
              88.361267,
              22.6019183
            ],
            [
              88.3611672,
              22.6018938
            ],
            [
              88.3611358,
              22.6019235
            ],
            [
              88.3606361,
              22.6015503
            ],
            [
              88.3606405,
              22.6014815
            ],
            [
              88.3597994,
              22.6008656
            ],
            [
              88.3589018,
              22.6004326
            ],
            [
              88.3588784,
              22.6004719
            ],
            [
              88.3588207,
              22.6004468
            ],
            [
              88.3588357,
              22.6004154
            ],
            [
              88.3586902,
              22.6003328
            ],
            [
              88.3576647,
              22.5998214
            ],
            [
              88.3572327,
              22.5995533
            ],
            [
              88.3570076,
              22.5995267
            ],
            [
              88.3563159,
              22.5990612
            ],
            [
              88.3563136,
              22.5989814
            ],
            [
              88.3562591,
              22.5989617
            ],
            [
              88.3563079,
              22.5988765
            ],
            [
              88.356083,
              22.5987548
            ],
            [
              88.3561065,
              22.5987067
            ],
            [
              88.3552546,
              22.5982689
            ],
            [
              88.3551756,
              22.5981822
            ],
            [
              88.3551114,
              22.5979744
            ],
            [
              88.354802,
              22.5977313
            ],
            [
              88.3533704,
              22.5963865
            ],
            [
              88.3531362,
              22.5960347
            ],
            [
              88.3529264,
              22.5958096
            ],
            [
              88.3529395,
              22.5957574
            ],
            [
              88.3525637,
              22.5951493
            ],
            [
              88.3524696,
              22.5950969
            ],
            [
              88.3523736,
              22.5948099
            ],
            [
              88.3519283,
              22.594501
            ],
            [
              88.351945,
              22.5943885
            ],
            [
              88.3517865,
              22.593989
            ],
            [
              88.3517777,
              22.5937755
            ],
            [
              88.3519,
              22.5936174
            ],
            [
              88.3513753,
              22.5927754
            ],
            [
              88.3512556,
              22.591951
            ],
            [
              88.3510103,
              22.5913809
            ],
            [
              88.3509637,
              22.5911639
            ],
            [
              88.3509254,
              22.5911701
            ],
            [
              88.3508936,
              22.5910785
            ],
            [
              88.3507213,
              22.5904888
            ],
            [
              88.3507309,
              22.5903293
            ],
            [
              88.3506982,
              22.5902668
            ],
            [
              88.3506574,
              22.5902735
            ],
            [
              88.3505222,
              22.5900053
            ],
            [
              88.3503986,
              22.589634
            ],
            [
              88.3503925,
              22.5894149
            ],
            [
              88.3502786,
              22.5892351
            ],
            [
              88.3502964,
              22.58897
            ],
            [
              88.3498927,
              22.5880931
            ],
            [
              88.349794,
              22.5876885
            ],
            [
              88.3497476,
              22.5876497
            ],
            [
              88.3493779,
              22.5864701
            ],
            [
              88.3493017,
              22.5863436
            ],
            [
              88.3493257,
              22.5862841
            ],
            [
              88.3490087,
              22.5854058
            ],
            [
              88.3488865,
              22.5849303
            ],
            [
              88.3486475,
              22.5844165
            ],
            [
              88.3486457,
              22.5843307
            ],
            [
              88.3487547,
              22.5842071
            ],
            [
              88.3487287,
              22.5841141
            ],
            [
              88.3487926,
              22.5840835
            ],
            [
              88.3486488,
              22.5837873
            ],
            [
              88.3486129,
              22.5834756
            ],
            [
              88.3484221,
              22.5832617
            ],
            [
              88.3484389,
              22.5831723
            ],
            [
              88.3482507,
              22.5826916
            ],
            [
              88.3482797,
              22.5826068
            ],
            [
              88.3481924,
              22.5824317
            ],
            [
              88.3483135,
              22.5823736
            ],
            [
              88.3477737,
              22.581175
            ],
            [
              88.347684,
              22.5810648
            ],
            [
              88.347703,
              22.5810123
            ],
            [
              88.3476258,
              22.5808198
            ],
            [
              88.347541,
              22.5807187
            ],
            [
              88.3475197,
              22.5805692
            ],
            [
              88.3476216,
              22.5805155
            ],
            [
              88.3475947,
              22.5804267
            ],
            [
              88.3473291,
              22.5804203
            ],
            [
              88.3472964,
              22.5803867
            ],
            [
              88.3472776,
              22.5802598
            ],
            [
              88.3473198,
              22.5802231
            ],
            [
              88.3471007,
              22.5796681
            ],
            [
              88.3471415,
              22.5796379
            ],
            [
              88.3470305,
              22.57926
            ],
            [
              88.346913,
              22.5792153
            ],
            [
              88.3467915,
              22.5792304
            ],
            [
              88.3467734,
              22.5791771
            ],
            [
              88.3468145,
              22.5791391
            ],
            [
              88.3466787,
              22.5789385
            ],
            [
              88.3466229,
              22.578794
            ],
            [
              88.3466619,
              22.5787649
            ],
            [
              88.3466447,
              22.5787067
            ],
            [
              88.3464371,
              22.5783224
            ],
            [
              88.3466721,
              22.5782277
            ],
            [
              88.3466377,
              22.5780113
            ],
            [
              88.346478,
              22.5777177
            ],
            [
              88.3463524,
              22.5772906
            ],
            [
              88.346148,
              22.5768817
            ],
            [
              88.3461144,
              22.5766808
            ],
            [
              88.3460496,
              22.5765756
            ],
            [
              88.3459319,
              22.5765539
            ],
            [
              88.3458612,
              22.5764182
            ],
            [
              88.3454196,
              22.5754134
            ],
            [
              88.3454375,
              22.5753594
            ],
            [
              88.3449381,
              22.5743427
            ],
            [
              88.3449714,
              22.5741259
            ],
            [
              88.3448642,
              22.5739681
            ],
            [
              88.3448713,
              22.5738882
            ],
            [
              88.3448214,
              22.5738414
            ],
            [
              88.344795,
              22.5738712
            ],
            [
              88.3447118,
              22.5738371
            ],
            [
              88.344126,
              22.5725044
            ],
            [
              88.3432593,
              22.5712712
            ],
            [
              88.3431391,
              22.5709955
            ],
            [
              88.3428259,
              22.57059
            ],
            [
              88.3428246,
              22.5704805
            ],
            [
              88.342374,
              22.5699248
            ],
            [
              88.3421676,
              22.5695717
            ],
            [
              88.3414864,
              22.5686548
            ],
            [
              88.3413439,
              22.5685612
            ],
            [
              88.3413381,
              22.5684682
            ],
            [
              88.3409785,
              22.5680097
            ],
            [
              88.3409307,
              22.5679244
            ],
            [
              88.3410013,
              22.5678129
            ],
            [
              88.3405791,
              22.5671131
            ],
            [
              88.3404051,
              22.5670826
            ],
            [
              88.3403527,
              22.5669288
            ],
            [
              88.3399138,
              22.5664725
            ],
            [
              88.3398489,
              22.5662349
            ],
            [
              88.3396871,
              22.5660481
            ],
            [
              88.3395151,
              22.5656739
            ],
            [
              88.3391355,
              22.5651801
            ],
            [
              88.3385299,
              22.5646329
            ],
            [
              88.3384245,
              22.5644366
            ],
            [
              88.3382858,
              22.5642809
            ],
            [
              88.3381741,
              22.5642291
            ],
            [
              88.3379253,
              22.5639397
            ],
            [
              88.3379634,
              22.563883
            ],
            [
              88.3378947,
              22.5638042
            ],
            [
              88.3378472,
              22.5637647
            ],
            [
              88.3376954,
              22.5637691
            ],
            [
              88.3375866,
              22.5636152
            ],
            [
              88.3381093,
              22.5633562
            ],
            [
              88.3384996,
              22.5634355
            ],
            [
              88.3388655,
              22.5633979
            ],
            [
              88.3395218,
              22.5630016
            ],
            [
              88.3399404,
              22.5628573
            ],
            [
              88.3406393,
              22.5627557
            ],
            [
              88.3413796,
              22.5627529
            ],
            [
              88.3422728,
              22.5628853
            ],
            [
              88.3433838,
              22.5632712
            ],
            [
              88.3447289,
              22.5639725
            ],
            [
              88.3450953,
              22.5644073
            ],
            [
              88.3453509,
              22.5645151
            ],
            [
              88.345684,
              22.5645226
            ],
            [
              88.346873,
              22.5641325
            ],
            [
              88.3466253,
              22.5639647
            ],
            [
              88.3468467,
              22.5637093
            ],
            [
              88.3470271,
              22.5631602
            ],
            [
              88.3469802,
              22.5626324
            ],
            [
              88.3468743,
              22.562274
            ],
            [
              88.3445552,
              22.5558573
            ],
            [
              88.3442549,
              22.555409
            ],
            [
              88.3442463,
              22.5552999
            ],
            [
              88.3443059,
              22.5551902
            ],
            [
              88.3443868,
              22.555161
            ],
            [
              88.3443043,
              22.5550986
            ],
            [
              88.3441461,
              22.5548251
            ],
            [
              88.3433425,
              22.5527993
            ],
            [
              88.3428512,
              22.5522755
            ],
            [
              88.3417295,
              22.5515432
            ],
            [
              88.3377304,
              22.5490327
            ],
            [
              88.3352801,
              22.5475966
            ],
            [
              88.3342126,
              22.5469033
            ],
            [
              88.3335289,
              22.5463937
            ],
            [
              88.3312876,
              22.5450449
            ],
            [
              88.3297795,
              22.5439845
            ],
            [
              88.3296532,
              22.5446551
            ],
            [
              88.3297315,
              22.5460181
            ],
            [
              88.3296492,
              22.5474615
            ],
            [
              88.3298891,
              22.5480359
            ],
            [
              88.3296369,
              22.5482998
            ],
            [
              88.3275123,
              22.5499898
            ],
            [
              88.3268894,
              22.5505343
            ],
            [
              88.3268918,
              22.550654
            ],
            [
              88.3274298,
              22.5511367
            ],
            [
              88.327052,
              22.5514956
            ],
            [
              88.3269442,
              22.5515135
            ],
            [
              88.3263336,
              22.5520393
            ],
            [
              88.3245269,
              22.5506535
            ],
            [
              88.3243118,
              22.550652
            ],
            [
              88.3239663,
              22.5505464
            ],
            [
              88.3236352,
              22.5504227
            ],
            [
              88.3228194,
              22.5499482
            ],
            [
              88.3224105,
              22.5498718
            ],
            [
              88.3223554,
              22.5497227
            ],
            [
              88.3223645,
              22.5495531
            ],
            [
              88.3222774,
              22.5494242
            ],
            [
              88.3220835,
              22.5493659
            ],
            [
              88.3218581,
              22.5493778
            ],
            [
              88.3215482,
              22.5495399
            ],
            [
              88.3212464,
              22.5494227
            ],
            [
              88.3209096,
              22.5490166
            ],
            [
              88.3205965,
              22.5488397
            ],
            [
              88.320156,
              22.5488234
            ],
            [
              88.3198518,
              22.5484569
            ],
            [
              88.3196686,
              22.5483886
            ],
            [
              88.3193791,
              22.5484409
            ],
            [
              88.3192402,
              22.5485118
            ],
            [
              88.3191121,
              22.5486026
            ],
            [
              88.3190493,
              22.5487726
            ],
            [
              88.3187491,
              22.548825
            ],
            [
              88.3183712,
              22.5486087
            ],
            [
              88.3179428,
              22.5485395
            ],
            [
              88.3171781,
              22.548215
            ],
            [
              88.3166342,
              22.5480618
            ],
            [
              88.3138199,
              22.5475632
            ],
            [
              88.3132513,
              22.5473993
            ],
            [
              88.3115877,
              22.5472023
            ],
            [
              88.3113065,
              22.5470431
            ],
            [
              88.3106781,
              22.5469499
            ],
            [
              88.3081366,
              22.5468372
            ],
            [
              88.307657,
              22.5467297
            ],
            [
              88.3066467,
              22.5465889
            ],
            [
              88.3065767,
              22.5464617
            ],
            [
              88.3038726,
              22.5466327
            ],
            [
              88.3021583,
              22.5472214
            ],
            [
              88.3021595,
              22.5476232
            ],
            [
              88.2990357,
              22.5486882
            ],
            [
              88.2985608,
              22.5488394
            ],
            [
              88.2983519,
              22.5488411
            ],
            [
              88.2982335,
              22.5486869
            ],
            [
              88.2969821,
              22.5489142
            ],
            [
              88.296408,
              22.5491904
            ],
            [
              88.295744,
              22.5496691
            ],
            [
              88.2955264,
              22.549632
            ],
            [
              88.295417,
              22.5495553
            ],
            [
              88.2951841,
              22.5496736
            ],
            [
              88.2946983,
              22.5499903
            ],
            [
              88.2936916,
              22.5504593
            ],
            [
              88.2935473,
              22.5506669
            ],
            [
              88.2930516,
              22.5507472
            ],
            [
              88.2923403,
              22.5507898
            ],
            [
              88.2921905,
              22.5507344
            ],
            [
              88.2921348,
              22.5506359
            ],
            [
              88.2921612,
              22.550531
            ],
            [
              88.2920483,
              22.5505093
            ],
            [
              88.2918508,
              22.5505505
            ],
            [
              88.2917368,
              22.5507409
            ],
            [
              88.2915333,
              22.5507962
            ],
            [
              88.291466,
              22.5507657
            ],
            [
              88.2913357,
              22.5505122
            ],
            [
              88.2905776,
              22.5505409
            ],
            [
              88.2904265,
              22.550531
            ],
            [
              88.290373,
              22.5504784
            ],
            [
              88.2900705,
              22.5506777
            ],
            [
              88.2899016,
              22.5506955
            ],
            [
              88.2897492,
              22.5506344
            ],
            [
              88.2893409,
              22.5507366
            ],
            [
              88.2892802,
              22.5508234
            ],
            [
              88.2890139,
              22.5508784
            ],
            [
              88.2878089,
              22.5510465
            ],
            [
              88.287753,
              22.5509727
            ],
            [
              88.287538,
              22.5510216
            ],
            [
              88.287548,
              22.5510827
            ],
            [
              88.2874495,
              22.5511035
            ],
            [
              88.2872577,
              22.5511201
            ],
            [
              88.2870409,
              22.5510738
            ],
            [
              88.2864103,
              22.5512048
            ],
            [
              88.2863478,
              22.5511517
            ],
            [
              88.2860747,
              22.5512109
            ],
            [
              88.286035,
              22.5512937
            ],
            [
              88.2859557,
              22.5512586
            ],
            [
              88.2860785,
              22.5516113
            ],
            [
              88.2862061,
              22.5515933
            ],
            [
              88.2862398,
              22.5517299
            ],
            [
              88.2859195,
              22.5518147
            ],
            [
              88.2858509,
              22.5515464
            ],
            [
              88.2855214,
              22.5515516
            ],
            [
              88.2854326,
              22.5515049
            ],
            [
              88.2852958,
              22.5513559
            ],
            [
              88.2852514,
              22.5512307
            ],
            [
              88.2850412,
              22.5512875
            ],
            [
              88.2850848,
              22.5515412
            ],
            [
              88.2849962,
              22.5516746
            ],
            [
              88.2846321,
              22.5517681
            ],
            [
              88.2846102,
              22.5517267
            ],
            [
              88.284352,
              22.5517814
            ],
            [
              88.2843608,
              22.5518126
            ],
            [
              88.2844186,
              22.551801
            ],
            [
              88.2844498,
              22.5518931
            ],
            [
              88.2842062,
              22.5519505
            ],
            [
              88.28418,
              22.5518643
            ],
            [
              88.284252,
              22.5518448
            ],
            [
              88.2842324,
              22.5517645
            ],
            [
              88.2840589,
              22.5517232
            ],
            [
              88.2839722,
              22.5515335
            ],
            [
              88.2838458,
              22.5515705
            ],
            [
              88.2838729,
              22.5517615
            ],
            [
              88.2837561,
              22.5517968
            ],
            [
              88.2838521,
              22.5519683
            ],
            [
              88.2838194,
              22.5520169
            ],
            [
              88.2837248,
              22.5520338
            ],
            [
              88.2836693,
              22.5519392
            ],
            [
              88.2837033,
              22.5518772
            ],
            [
              88.2836785,
              22.5517849
            ],
            [
              88.2835892,
              22.5517584
            ],
            [
              88.2834963,
              22.5515823
            ],
            [
              88.2834419,
              22.5515984
            ],
            [
              88.2834851,
              22.5518525
            ],
            [
              88.2834166,
              22.5518853
            ],
            [
              88.283269,
              22.551848
            ],
            [
              88.2831824,
              22.551597
            ],
            [
              88.2829711,
              22.5516567
            ],
            [
              88.2830211,
              22.5517933
            ],
            [
              88.2830084,
              22.5519327
            ],
            [
              88.2828379,
              22.5520155
            ],
            [
              88.2815057,
              22.5522939
            ],
            [
              88.2812893,
              22.5521087
            ],
            [
              88.2811109,
              22.5521289
            ],
            [
              88.2807475,
              22.5524139
            ],
            [
              88.2797292,
              22.5526518
            ],
            [
              88.279155,
              22.5527306
            ],
            [
              88.2789738,
              22.5528137
            ],
            [
              88.278881,
              22.5529227
            ],
            [
              88.278036,
              22.5530116
            ],
            [
              88.2774699,
              22.5532658
            ],
            [
              88.2766295,
              22.5534057
            ],
            [
              88.2760901,
              22.5535907
            ],
            [
              88.2755649,
              22.5536595
            ],
            [
              88.2749575,
              22.5538888
            ],
            [
              88.2743282,
              22.5539444
            ],
            [
              88.2731117,
              22.5542068
            ],
            [
              88.2731341,
              22.5543092
            ],
            [
              88.2730988,
              22.5543491
            ],
            [
              88.2728959,
              22.5543251
            ],
            [
              88.2727901,
              22.5545026
            ],
            [
              88.2722561,
              22.5547515
            ],
            [
              88.2721062,
              22.5547837
            ],
            [
              88.2720087,
              22.5546218
            ],
            [
              88.2717797,
              22.5546933
            ],
            [
              88.2714042,
              22.5547079
            ],
            [
              88.2712468,
              22.5548448
            ],
            [
              88.2709973,
              22.5549552
            ],
            [
              88.2706336,
              22.5548961
            ],
            [
              88.2703457,
              22.55491
            ],
            [
              88.2701587,
              22.5550006
            ],
            [
              88.2699212,
              22.5550451
            ],
            [
              88.2696685,
              22.5549786
            ],
            [
              88.2695857,
              22.5550529
            ],
            [
              88.2694753,
              22.5553056
            ],
            [
              88.2694088,
              22.5553293
            ],
            [
              88.269271,
              22.5553266
            ],
            [
              88.2691115,
              22.555231
            ],
            [
              88.2684192,
              22.5553023
            ],
            [
              88.2680636,
              22.5554409
            ],
            [
              88.2672051,
              22.5556026
            ],
            [
              88.266956,
              22.5557518
            ],
            [
              88.2665782,
              22.5557285
            ],
            [
              88.2663783,
              22.5557843
            ],
            [
              88.2655188,
              22.5558259
            ],
            [
              88.264942,
              22.5559822
            ],
            [
              88.2644747,
              22.5560014
            ],
            [
              88.2631908,
              22.5562052
            ],
            [
              88.2580695,
              22.5573375
            ],
            [
              88.2579624,
              22.5573242
            ],
            [
              88.2578022,
              22.5573791
            ],
            [
              88.2576277,
              22.557298
            ],
            [
              88.257223,
              22.5573658
            ],
            [
              88.2572062,
              22.5573266
            ],
            [
              88.257102,
              22.5573376
            ],
            [
              88.2567699,
              22.5574183
            ],
            [
              88.2567794,
              22.5574624
            ],
            [
              88.256564,
              22.5574588
            ],
            [
              88.2562418,
              22.5575235
            ],
            [
              88.2558523,
              22.5576867
            ],
            [
              88.2556801,
              22.5575978
            ],
            [
              88.2556118,
              22.557692
            ],
            [
              88.2553448,
              22.5577341
            ],
            [
              88.255026,
              22.5578772
            ],
            [
              88.2540965,
              22.5580853
            ],
            [
              88.2538039,
              22.5582531
            ],
            [
              88.2531554,
              22.5581866
            ],
            [
              88.2531496,
              22.5582195
            ],
            [
              88.252995,
              22.5582543
            ],
            [
              88.2526904,
              22.5582881
            ],
            [
              88.2526026,
              22.558344
            ],
            [
              88.2526072,
              22.5584167
            ],
            [
              88.252088,
              22.5584612
            ],
            [
              88.2518059,
              22.5585647
            ],
            [
              88.2512692,
              22.5586661
            ],
            [
              88.251154,
              22.5586252
            ],
            [
              88.251021,
              22.5584252
            ],
            [
              88.2509231,
              22.5585938
            ],
            [
              88.2508241,
              22.5586246
            ],
            [
              88.2503343,
              22.5585367
            ],
            [
              88.2502736,
              22.5585582
            ],
            [
              88.2503233,
              22.5585983
            ],
            [
              88.2503176,
              22.5586749
            ],
            [
              88.2502219,
              22.5587508
            ],
            [
              88.2495934,
              22.5589472
            ],
            [
              88.2490688,
              22.5589307
            ],
            [
              88.2487019,
              22.5588154
            ],
            [
              88.2483822,
              22.5586357
            ],
            [
              88.2483559,
              22.5586898
            ],
            [
              88.2483317,
              22.5586065
            ],
            [
              88.248186,
              22.5585731
            ],
            [
              88.2481198,
              22.5585871
            ],
            [
              88.2480849,
              22.5587084
            ],
            [
              88.2482691,
              22.558804
            ],
            [
              88.2480695,
              22.5587876
            ],
            [
              88.2475207,
              22.5586399
            ],
            [
              88.2464573,
              22.5584447
            ],
            [
              88.2457646,
              22.5582742
            ],
            [
              88.2451663,
              22.5580638
            ],
            [
              88.2446374,
              22.5579726
            ],
            [
              88.2443823,
              22.5578562
            ],
            [
              88.2441115,
              22.5578053
            ],
            [
              88.2433482,
              22.5573853
            ],
            [
              88.2432825,
              22.5572804
            ],
            [
              88.2430252,
              22.5571891
            ],
            [
              88.2427364,
              22.5568614
            ],
            [
              88.2426695,
              22.5564963
            ],
            [
              88.2427319,
              22.556347
            ],
            [
              88.2427134,
              22.5562795
            ],
            [
              88.2425205,
              22.5561692
            ],
            [
              88.2423644,
              22.5558875
            ],
            [
              88.2421429,
              22.5547565
            ],
            [
              88.2422914,
              22.5541409
            ],
            [
              88.2427288,
              22.553116
            ],
            [
              88.2434055,
              22.5502128
            ],
            [
              88.2437675,
              22.5496241
            ],
            [
              88.2438546,
              22.5485337
            ],
            [
              88.2438352,
              22.5481792
            ],
            [
              88.2439049,
              22.5477907
            ],
            [
              88.2440739,
              22.5474104
            ],
            [
              88.2441137,
              22.5469422
            ],
            [
              88.2442245,
              22.5467382
            ],
            [
              88.2444741,
              22.5465757
            ],
            [
              88.2445306,
              22.546484
            ],
            [
              88.2446445,
              22.5461081
            ],
            [
              88.2445172,
              22.5457648
            ],
            [
              88.2447874,
              22.5453814
            ],
            [
              88.2449993,
              22.5452877
            ],
            [
              88.245551,
              22.5453186
            ],
            [
              88.2457953,
              22.5452534
            ],
            [
              88.2463099,
              22.5449048
            ],
            [
              88.2468746,
              22.5447074
            ],
            [
              88.2471402,
              22.5444652
            ],
            [
              88.2472909,
              22.5441311
            ],
            [
              88.2474304,
              22.5439456
            ],
            [
              88.2483898,
              22.5431321
            ],
            [
              88.2489139,
              22.5431511
            ],
            [
              88.2495616,
              22.5428394
            ],
            [
              88.2497696,
              22.5426119
            ],
            [
              88.2498798,
              22.5425545
            ],
            [
              88.2502199,
              22.542454
            ],
            [
              88.2506483,
              22.5424584
            ],
            [
              88.2508281,
              22.5423891
            ],
            [
              88.2510665,
              22.5421907
            ],
            [
              88.2514524,
              22.5416648
            ],
            [
              88.2520267,
              22.5411985
            ],
            [
              88.2525241,
              22.5407126
            ],
            [
              88.2525351,
              22.5408735
            ],
            [
              88.2530611,
              22.5427108
            ],
            [
              88.2532261,
              22.543111
            ],
            [
              88.2556686,
              22.5422665
            ],
            [
              88.2577522,
              22.5414917
            ],
            [
              88.25821,
              22.5412772
            ],
            [
              88.2573138,
              22.5387259
            ],
            [
              88.2571236,
              22.5382963
            ],
            [
              88.2567954,
              22.5382901
            ],
            [
              88.2553282,
              22.5385384
            ],
            [
              88.255289,
              22.5373896
            ],
            [
              88.2553659,
              22.5369527
            ],
            [
              88.255617,
              22.5369041
            ],
            [
              88.2556918,
              22.5368204
            ],
            [
              88.255651,
              22.5367702
            ],
            [
              88.2557056,
              22.5366976
            ],
            [
              88.2558805,
              22.5366771
            ],
            [
              88.2561564,
              22.5367364
            ],
            [
              88.2560769,
              22.5363235
            ],
            [
              88.2561132,
              22.5362721
            ],
            [
              88.2564867,
              22.5362031
            ],
            [
              88.2564306,
              22.5357825
            ],
            [
              88.2566872,
              22.5357336
            ],
            [
              88.2567342,
              22.5358526
            ],
            [
              88.2568808,
              22.5358174
            ],
            [
              88.2568957,
              22.5356936
            ],
            [
              88.2572205,
              22.5356776
            ],
            [
              88.2572248,
              22.5353738
            ],
            [
              88.2576441,
              22.5353876
            ],
            [
              88.2576507,
              22.5352279
            ],
            [
              88.2578096,
              22.5352152
            ],
            [
              88.2577946,
              22.5346361
            ],
            [
              88.2589691,
              22.5345527
            ],
            [
              88.2593847,
              22.5339862
            ],
            [
              88.2594864,
              22.5339021
            ],
            [
              88.2598324,
              22.533814
            ],
            [
              88.2598436,
              22.5335504
            ],
            [
              88.2597157,
              22.5332854
            ],
            [
              88.2597415,
              22.5331155
            ],
            [
              88.2599731,
              22.5330883
            ],
            [
              88.2605202,
              22.5331232
            ],
            [
              88.2606164,
              22.5330942
            ],
            [
              88.2608023,
              22.5329332
            ],
            [
              88.2610452,
              22.5329124
            ],
            [
              88.2610801,
              22.5333009
            ],
            [
              88.261206,
              22.5336284
            ],
            [
              88.2612491,
              22.5340557
            ],
            [
              88.2611349,
              22.5341452
            ],
            [
              88.2610712,
              22.5343162
            ],
            [
              88.2609034,
              22.5344596
            ],
            [
              88.260901,
              22.5347888
            ],
            [
              88.2611223,
              22.5355498
            ],
            [
              88.2615266,
              22.5354911
            ],
            [
              88.2616968,
              22.5355833
            ],
            [
              88.2626885,
              22.5353852
            ],
            [
              88.2628689,
              22.5351655
            ],
            [
              88.2629015,
              22.5348762
            ],
            [
              88.26304,
              22.5348002
            ],
            [
              88.2634601,
              22.5347247
            ],
            [
              88.2634692,
              22.5341314
            ],
            [
              88.2637765,
              22.5340906
            ],
            [
              88.2644085,
              22.5337631
            ],
            [
              88.2648708,
              22.5336883
            ],
            [
              88.2650396,
              22.5341512
            ],
            [
              88.2649441,
              22.53421
            ],
            [
              88.2648937,
              22.5343093
            ],
            [
              88.2649139,
              22.5346198
            ],
            [
              88.2649937,
              22.5348596
            ],
            [
              88.2651139,
              22.5350212
            ],
            [
              88.2651423,
              22.535046
            ],
            [
              88.2651558,
              22.5349424
            ],
            [
              88.2657823,
              22.5349508
            ],
            [
              88.265876,
              22.5350166
            ],
            [
              88.2660723,
              22.5349618
            ],
            [
              88.266095,
              22.5350946
            ],
            [
              88.2662202,
              22.535087
            ],
            [
              88.2662352,
              22.5351567
            ],
            [
              88.2662817,
              22.535153
            ],
            [
              88.2663131,
              22.5354586
            ],
            [
              88.2663685,
              22.5354854
            ],
            [
              88.2666831,
              22.5354431
            ],
            [
              88.2667301,
              22.5354959
            ],
            [
              88.2671905,
              22.535432
            ],
            [
              88.2672569,
              22.5354397
            ],
            [
              88.2672801,
              22.5355518
            ],
            [
              88.267513,
              22.5355445
            ],
            [
              88.2674624,
              22.5359011
            ],
            [
              88.2675142,
              22.5359161
            ],
            [
              88.2675831,
              22.5360992
            ],
            [
              88.2679422,
              22.5364095
            ],
            [
              88.2681121,
              22.5363445
            ],
            [
              88.268224,
              22.5364313
            ],
            [
              88.2683349,
              22.5364134
            ],
            [
              88.2683722,
              22.5364966
            ],
            [
              88.2682966,
              22.5367219
            ],
            [
              88.2681141,
              22.5368947
            ],
            [
              88.2682768,
              22.5370496
            ],
            [
              88.2687256,
              22.5368174
            ],
            [
              88.2689457,
              22.5370428
            ],
            [
              88.2688804,
              22.5371235
            ],
            [
              88.2690216,
              22.5372968
            ],
            [
              88.268921,
              22.5373989
            ],
            [
              88.2689915,
              22.5374982
            ],
            [
              88.26906,
              22.5374717
            ],
            [
              88.2690964,
              22.5375447
            ],
            [
              88.2693319,
              22.5373938
            ],
            [
              88.2694301,
              22.537548
            ],
            [
              88.2695727,
              22.5375032
            ],
            [
              88.2696022,
              22.537551
            ],
            [
              88.2698185,
              22.5374862
            ],
            [
              88.2698387,
              22.5375642
            ],
            [
              88.2700166,
              22.5375538
            ],
            [
              88.2703122,
              22.5374866
            ],
            [
              88.2702776,
              22.5373269
            ],
            [
              88.2703748,
              22.5372915
            ],
            [
              88.271199,
              22.537125
            ],
            [
              88.2712303,
              22.5378327
            ],
            [
              88.2710918,
              22.5385023
            ],
            [
              88.27132,
              22.5385642
            ],
            [
              88.2713703,
              22.5388381
            ],
            [
              88.2715896,
              22.5387971
            ],
            [
              88.2716244,
              22.538921
            ],
            [
              88.2717259,
              22.5389012
            ],
            [
              88.2717522,
              22.5389995
            ],
            [
              88.2719664,
              22.5389558
            ],
            [
              88.2719566,
              22.5388817
            ],
            [
              88.2720482,
              22.5388541
            ],
            [
              88.2729976,
              22.5386803
            ],
            [
              88.2730174,
              22.538724
            ],
            [
              88.2732589,
              22.5387135
            ],
            [
              88.273353,
              22.5391829
            ],
            [
              88.2738125,
              22.5390643
            ],
            [
              88.2738764,
              22.5393127
            ],
            [
              88.2739834,
              22.5392803
            ],
            [
              88.274021,
              22.5393844
            ],
            [
              88.2741163,
              22.5393679
            ],
            [
              88.2745375,
              22.5403501
            ],
            [
              88.2746326,
              22.5406119
            ],
            [
              88.2746059,
              22.5406993
            ],
            [
              88.2744976,
              22.5407678
            ],
            [
              88.2745946,
              22.5411664
            ],
            [
              88.274621,
              22.5412011
            ],
            [
              88.2747608,
              22.5412064
            ],
            [
              88.2749348,
              22.5417187
            ],
            [
              88.2752604,
              22.5416308
            ],
            [
              88.2752902,
              22.5416896
            ],
            [
              88.2756909,
              22.5416456
            ],
            [
              88.2757002,
              22.5416092
            ],
            [
              88.2763363,
              22.5413911
            ],
            [
              88.2763361,
              22.5410137
            ],
            [
              88.2761575,
              22.5403207
            ],
            [
              88.276184,
              22.5402011
            ],
            [
              88.276439,
              22.5402667
            ],
            [
              88.2768117,
              22.5401025
            ],
            [
              88.2774609,
              22.5399609
            ],
            [
              88.277522,
              22.540182
            ],
            [
              88.2785239,
              22.5397664
            ],
            [
              88.2786178,
              22.539966
            ],
            [
              88.2795969,
              22.5396706
            ],
            [
              88.2795962,
              22.5395769
            ],
            [
              88.2798206,
              22.5395025
            ],
            [
              88.2797382,
              22.5390996
            ],
            [
              88.2821843,
              22.5387756
            ],
            [
              88.2820331,
              22.5377888
            ],
            [
              88.2828359,
              22.5376993
            ],
            [
              88.2828671,
              22.537967
            ],
            [
              88.2834484,
              22.5378595
            ],
            [
              88.2835883,
              22.538158
            ],
            [
              88.2839853,
              22.5380983
            ],
            [
              88.284139,
              22.5379216
            ],
            [
              88.2846177,
              22.5377715
            ],
            [
              88.2844669,
              22.5375557
            ],
            [
              88.2845218,
              22.5375306
            ],
            [
              88.2845742,
              22.5375966
            ],
            [
              88.2848002,
              22.5375452
            ],
            [
              88.2852623,
              22.5375251
            ],
            [
              88.2852844,
              22.5372981
            ],
            [
              88.2853898,
              22.5372125
            ],
            [
              88.2854742,
              22.5372689
            ],
            [
              88.2855945,
              22.5376961
            ],
            [
              88.2856516,
              22.5376516
            ],
            [
              88.2863649,
              22.537524
            ],
            [
              88.2863471,
              22.5374024
            ],
            [
              88.2864486,
              22.5373861
            ],
            [
              88.2864545,
              22.5372605
            ],
            [
              88.2869339,
              22.5371918
            ],
            [
              88.2870101,
              22.537184
            ],
            [
              88.2870593,
              22.537392
            ],
            [
              88.2882631,
              22.5372111
            ],
            [
              88.2883263,
              22.5375608
            ],
            [
              88.2894344,
              22.5373813
            ],
            [
              88.2894831,
              22.5373169
            ],
            [
              88.290892,
              22.5370741
            ],
            [
              88.2908637,
              22.536564
            ],
            [
              88.2911549,
              22.5365661
            ],
            [
              88.2912721,
              22.5349437
            ],
            [
              88.2913148,
              22.5348334
            ],
            [
              88.2918453,
              22.5344523
            ],
            [
              88.2913649,
              22.533266
            ],
            [
              88.2910138,
              22.533061
            ],
            [
              88.2909698,
              22.5329914
            ],
            [
              88.2909302,
              22.5322942
            ],
            [
              88.2904971,
              22.5317381
            ],
            [
              88.2905862,
              22.5315849
            ],
            [
              88.2904907,
              22.5312858
            ],
            [
              88.2904593,
              22.5309474
            ],
            [
              88.2905244,
              22.5308549
            ],
            [
              88.2909575,
              22.5306725
            ],
            [
              88.2911928,
              22.5304798
            ],
            [
              88.2910712,
              22.5299457
            ],
            [
              88.2909172,
              22.5297996
            ],
            [
              88.2908448,
              22.5295143
            ],
            [
              88.2906257,
              22.5295119
            ],
            [
              88.2906055,
              22.5291888
            ],
            [
              88.2904786,
              22.5292003
            ],
            [
              88.2904628,
              22.5289918
            ],
            [
              88.2901558,
              22.528998
            ],
            [
              88.2901323,
              22.5289529
            ],
            [
              88.2901122,
              22.5287263
            ],
            [
              88.2903428,
              22.5284097
            ],
            [
              88.2899867,
              22.5284388
            ],
            [
              88.2899246,
              22.5269569
            ],
            [
              88.290121,
              22.5257759
            ],
            [
              88.2898028,
              22.5258419
            ],
            [
              88.2896229,
              22.525427
            ],
            [
              88.2895388,
              22.5253927
            ],
            [
              88.2894274,
              22.5251251
            ],
            [
              88.2898989,
              22.524919
            ],
            [
              88.2897961,
              22.5246708
            ],
            [
              88.2902675,
              22.5244531
            ],
            [
              88.2901083,
              22.5237107
            ],
            [
              88.289981,
              22.5227367
            ],
            [
              88.2908229,
              22.5225963
            ],
            [
              88.2905325,
              22.5219464
            ],
            [
              88.2903383,
              22.5213202
            ],
            [
              88.2906978,
              22.5212483
            ],
            [
              88.290592,
              22.5208416
            ],
            [
              88.2906562,
              22.5208267
            ],
            [
              88.2905766,
              22.5203704
            ],
            [
              88.2912338,
              22.5202234
            ],
            [
              88.2912447,
              22.5199538
            ],
            [
              88.2917554,
              22.519828
            ],
            [
              88.2917091,
              22.5197696
            ],
            [
              88.2915204,
              22.5197755
            ],
            [
              88.2914016,
              22.5191054
            ],
            [
              88.2916395,
              22.5170465
            ],
            [
              88.2915031,
              22.5169728
            ],
            [
              88.2916377,
              22.516796
            ],
            [
              88.2915658,
              22.5167822
            ],
            [
              88.2915715,
              22.5166968
            ],
            [
              88.2916857,
              22.5166734
            ],
            [
              88.2917023,
              22.5165491
            ],
            [
              88.2916118,
              22.5165258
            ],
            [
              88.2916826,
              22.5161652
            ],
            [
              88.2918372,
              22.516155
            ],
            [
              88.2929919,
              22.5166374
            ],
            [
              88.2934612,
              22.5167783
            ],
            [
              88.2976799,
              22.5172599
            ],
            [
              88.2981141,
              22.5174201
            ],
            [
              88.2981889,
              22.517229
            ],
            [
              88.2984945,
              22.5170711
            ],
            [
              88.2982494,
              22.5164863
            ],
            [
              88.2981981,
              22.516118
            ],
            [
              88.298395,
              22.5153435
            ],
            [
              88.2984167,
              22.515065
            ],
            [
              88.2982006,
              22.5144885
            ],
            [
              88.2980622,
              22.5138451
            ],
            [
              88.2980494,
              22.5131946
            ],
            [
              88.2978177,
              22.5125274
            ],
            [
              88.2978129,
              22.5122972
            ],
            [
              88.2979412,
              22.5121496
            ],
            [
              88.2979076,
              22.5120127
            ],
            [
              88.2974333,
              22.5106006
            ],
            [
              88.2971878,
              22.5101706
            ],
            [
              88.2968974,
              22.5070261
            ],
            [
              88.2969354,
              22.5068376
            ],
            [
              88.2974389,
              22.5065992
            ],
            [
              88.2978496,
              22.5064536
            ],
            [
              88.2994167,
              22.5060853
            ],
            [
              88.2994574,
              22.5060041
            ],
            [
              88.299416,
              22.5055691
            ],
            [
              88.2993162,
              22.5050923
            ],
            [
              88.2991241,
              22.5046315
            ],
            [
              88.2990364,
              22.5041947
            ],
            [
              88.2991203,
              22.5041374
            ],
            [
              88.2990479,
              22.5037467
            ],
            [
              88.2986656,
              22.5034511
            ],
            [
              88.2984867,
              22.5033991
            ],
            [
              88.2981255,
              22.5031871
            ],
            [
              88.2980213,
              22.5030416
            ],
            [
              88.2979493,
              22.5025702
            ],
            [
              88.2977581,
              22.5020323
            ],
            [
              88.2977079,
              22.5019709
            ],
            [
              88.2975409,
              22.5019783
            ],
            [
              88.2974401,
              22.5018088
            ],
            [
              88.2973995,
              22.5015907
            ],
            [
              88.2974437,
              22.5013247
            ],
            [
              88.2972423,
              22.5009148
            ],
            [
              88.2971612,
              22.500642
            ],
            [
              88.2970814,
              22.5004968
            ],
            [
              88.2968084,
              22.5002765
            ],
            [
              88.2964448,
              22.4996416
            ],
            [
              88.2961496,
              22.499415
            ],
            [
              88.2955541,
              22.4994165
            ],
            [
              88.2951563,
              22.4990309
            ],
            [
              88.2950767,
              22.4986968
            ],
            [
              88.2948179,
              22.4984491
            ],
            [
              88.2943634,
              22.4975362
            ],
            [
              88.2940204,
              22.4971454
            ],
            [
              88.2939719,
              22.4970019
            ],
            [
              88.2939381,
              22.4963754
            ],
            [
              88.2937874,
              22.4962695
            ],
            [
              88.2931804,
              22.4961157
            ],
            [
              88.2926271,
              22.4961891
            ],
            [
              88.2920101,
              22.495298
            ],
            [
              88.2917987,
              22.4944824
            ],
            [
              88.2915432,
              22.493724
            ],
            [
              88.2913731,
              22.4933816
            ],
            [
              88.2911022,
              22.4923006
            ],
            [
              88.2911143,
              22.4920485
            ],
            [
              88.2909132,
              22.4918929
            ],
            [
              88.2907635,
              22.4914569
            ],
            [
              88.2902103,
              22.491488
            ],
            [
              88.289297,
              22.4917669
            ],
            [
              88.2890681,
              22.4913606
            ],
            [
              88.2886326,
              22.4914495
            ],
            [
              88.288512,
              22.4908463
            ],
            [
              88.2885272,
              22.4906058
            ],
            [
              88.2883806,
              22.4905215
            ],
            [
              88.2881823,
              22.4901628
            ],
            [
              88.2881734,
              22.4900163
            ],
            [
              88.2876031,
              22.4899484
            ],
            [
              88.2875789,
              22.4896567
            ],
            [
              88.2875124,
              22.4895457
            ],
            [
              88.2874572,
              22.4891599
            ],
            [
              88.2872374,
              22.4891445
            ],
            [
              88.2870861,
              22.4884588
            ],
            [
              88.2869359,
              22.4880334
            ],
            [
              88.2867441,
              22.4880779
            ],
            [
              88.2865113,
              22.4872143
            ],
            [
              88.2863801,
              22.4871976
            ],
            [
              88.2862657,
              22.486679
            ],
            [
              88.2859878,
              22.4862756
            ],
            [
              88.2859825,
              22.486099
            ],
            [
              88.2862129,
              22.4857301
            ],
            [
              88.2861976,
              22.485541
            ],
            [
              88.2849682,
              22.485709
            ],
            [
              88.2827008,
              22.4861665
            ],
            [
              88.2776773,
              22.4873107
            ],
            [
              88.2741807,
              22.4883744
            ],
            [
              88.2701019,
              22.4895309
            ],
            [
              88.2690018,
              22.4896948
            ],
            [
              88.2685748,
              22.4895731
            ],
            [
              88.2682646,
              22.4893859
            ],
            [
              88.2687123,
              22.4889627
            ],
            [
              88.2685604,
              22.4886095
            ],
            [
              88.2685838,
              22.4885642
            ]
          ]
        ]
      },
      "id": "relation/9381363"
    },
    {
      "type": "Feature",
      "properties": {
        "@id": "relation/10372171",
        "admin_level": "6",
        "boundary": "administrative",
        "name": "Rajarhat",
        "type": "boundary",
        "wikidata": "Q7285792",
        "wikipedia": "en:Rajarhat (community development block)"
      },
      "geometry": {
        "type": "Polygon",
        "coordinates": [
          [
            [
              88.450756,
              22.6852218
            ],
            [
              88.4471511,
              22.6843507
            ],
            [
              88.4439754,
              22.6827669
            ],
            [
              88.4389114,
              22.6772233
            ],
            [
              88.4367656,
              22.6730259
            ],
            [
              88.4510055,
              22.658069
            ],
            [
              88.4508249,
              22.656259
            ],
            [
              88.4504195,
              22.651957
            ],
            [
              88.4501898,
              22.6468386
            ],
            [
              88.4503344,
              22.6466945
            ],
            [
              88.4516177,
              22.6476796
            ],
            [
              88.4531137,
              22.6469685
            ],
            [
              88.4540994,
              22.6473906
            ],
            [
              88.4543516,
              22.6478684
            ],
            [
              88.4550597,
              22.6476023
            ],
            [
              88.4554727,
              22.6484105
            ],
            [
              88.4557351,
              22.6482221
            ],
            [
              88.4558496,
              22.6480404
            ],
            [
              88.4560044,
              22.6471138
            ],
            [
              88.4561354,
              22.6466788
            ],
            [
              88.4565308,
              22.6460571
            ],
            [
              88.4552541,
              22.6449895
            ],
            [
              88.4552112,
              22.6448385
            ],
            [
              88.4544227,
              22.6444832
            ],
            [
              88.4536111,
              22.6438073
            ],
            [
              88.4535014,
              22.6436159
            ],
            [
              88.4536184,
              22.6429743
            ],
            [
              88.4518169,
              22.6414864
            ],
            [
              88.4502813,
              22.6420028
            ],
            [
              88.449191,
              22.6415164
            ],
            [
              88.4481275,
              22.6339127
            ],
            [
              88.4480377,
              22.633472
            ],
            [
              88.4479867,
              22.633394
            ],
            [
              88.4478714,
              22.6332913
            ],
            [
              88.4477158,
              22.6332628
            ],
            [
              88.4475562,
              22.6332604
            ],
            [
              88.4473993,
              22.6332913
            ],
            [
              88.4472477,
              22.6333445
            ],
            [
              88.447064,
              22.6334064
            ],
            [
              88.4469286,
              22.6334559
            ],
            [
              88.4467904,
              22.6334856
            ],
            [
              88.4466416,
              22.6335079
            ],
            [
              88.4463023,
              22.6335191
            ],
            [
              88.4456304,
              22.6335153
            ],
            [
              88.4453769,
              22.6335104
            ],
            [
              88.4452468,
              22.633498
            ],
            [
              88.4449156,
              22.633451
            ],
            [
              88.4447144,
              22.6334324
            ],
            [
              88.4445414,
              22.6334423
            ],
            [
              88.4441189,
              22.6334844
            ],
            [
              88.4439822,
              22.6334918
            ],
            [
              88.4438373,
              22.6334844
            ],
            [
              88.4418203,
              22.6330462
            ],
            [
              88.4416352,
              22.633019
            ],
            [
              88.4415561,
              22.6330301
            ],
            [
              88.4414649,
              22.6330611
            ],
            [
              88.4413818,
              22.6331093
            ],
            [
              88.4413026,
              22.6331972
            ],
            [
              88.4412557,
              22.6332616
            ],
            [
              88.4412114,
              22.6333569
            ],
            [
              88.4411859,
              22.6334695
            ],
            [
              88.4411739,
              22.633597
            ],
            [
              88.4411859,
              22.6338954
            ],
            [
              88.441202,
              22.6341714
            ],
            [
              88.4412369,
              22.6343781
            ],
            [
              88.4413375,
              22.6346083
            ],
            [
              88.4415239,
              22.6349054
            ],
            [
              88.4416701,
              22.6350725
            ],
            [
              88.4418015,
              22.6352768
            ],
            [
              88.4418766,
              22.6354884
            ],
            [
              88.4419182,
              22.6357273
            ],
            [
              88.4418699,
              22.6359415
            ],
            [
              88.4417841,
              22.6361011
            ],
            [
              88.4416124,
              22.6362769
            ],
            [
              88.4415454,
              22.6363227
            ],
            [
              88.4414689,
              22.6364539
            ],
            [
              88.4414501,
              22.6365641
            ],
            [
              88.441544,
              22.6382078
            ],
            [
              88.4376972,
              22.6366288
            ],
            [
              88.4369092,
              22.6363648
            ],
            [
              88.4365377,
              22.6361717
            ],
            [
              88.4362681,
              22.6360999
            ],
            [
              88.4353495,
              22.6359749
            ],
            [
              88.4345019,
              22.6358028
            ],
            [
              88.4343369,
              22.6366173
            ],
            [
              88.4339173,
              22.6366332
            ],
            [
              88.4296707,
              22.6355338
            ],
            [
              88.4290991,
              22.6351643
            ],
            [
              88.4294646,
              22.6341962
            ],
            [
              88.4295707,
              22.6341586
            ],
            [
              88.4300597,
              22.6336606
            ],
            [
              88.4299382,
              22.6332637
            ],
            [
              88.4290922,
              22.6322402
            ],
            [
              88.4289627,
              22.6319716
            ],
            [
              88.4286016,
              22.631412
            ],
            [
              88.4281994,
              22.631066
            ],
            [
              88.4280197,
              22.6309226
            ],
            [
              88.4279618,
              22.6308804
            ],
            [
              88.4278947,
              22.6307946
            ],
            [
              88.4278688,
              22.6307496
            ],
            [
              88.4277698,
              22.6305007
            ],
            [
              88.4277119,
              22.6304051
            ],
            [
              88.4276357,
              22.6303348
            ],
            [
              88.4274285,
              22.6302378
            ],
            [
              88.426781,
              22.629965
            ],
            [
              88.4264565,
              22.6298032
            ],
            [
              88.4261152,
              22.6295923
            ],
            [
              88.4256612,
              22.628989
            ],
            [
              88.4255927,
              22.6289201
            ],
            [
              88.4254891,
              22.6288582
            ],
            [
              88.4252864,
              22.62884
            ],
            [
              88.4251112,
              22.6287682
            ],
            [
              88.4250244,
              22.6286965
            ],
            [
              88.4249569,
              22.6285846
            ],
            [
              88.4246626,
              22.6276852
            ],
            [
              88.4235583,
              22.6263803
            ],
            [
              88.4223424,
              22.6256922
            ],
            [
              88.4221101,
              22.6255608
            ],
            [
              88.421739,
              22.6251779
            ],
            [
              88.4209792,
              22.6232927
            ],
            [
              88.4217756,
              22.621533
            ],
            [
              88.4237561,
              22.6201117
            ],
            [
              88.4235793,
              22.6195213
            ],
            [
              88.4235655,
              22.6193176
            ],
            [
              88.4239064,
              22.6183523
            ],
            [
              88.423917,
              22.6181024
            ],
            [
              88.4238763,
              22.617222
            ],
            [
              88.4238002,
              22.616923
            ],
            [
              88.4218299,
              22.6118561
            ],
            [
              88.4214453,
              22.6111744
            ],
            [
              88.4179037,
              22.6042839
            ],
            [
              88.4186118,
              22.6037144
            ],
            [
              88.4187815,
              22.6030492
            ],
            [
              88.4165485,
              22.6033828
            ],
            [
              88.4138492,
              22.6037089
            ],
            [
              88.4121967,
              22.6032042
            ],
            [
              88.4093275,
              22.6014587
            ],
            [
              88.4060705,
              22.5995404
            ],
            [
              88.3963109,
              22.5934234
            ],
            [
              88.3947561,
              22.5925491
            ],
            [
              88.394964,
              22.5920601
            ],
            [
              88.3951057,
              22.5919748
            ],
            [
              88.3952906,
              22.5919691
            ],
            [
              88.3954693,
              22.5920032
            ],
            [
              88.3959623,
              22.5913262
            ],
            [
              88.3963505,
              22.5907288
            ],
            [
              88.3967194,
              22.5900821
            ],
            [
              88.3972051,
              22.5889567
            ],
            [
              88.3977188,
              22.5878486
            ],
            [
              88.3981064,
              22.587038
            ],
            [
              88.3983905,
              22.5865644
            ],
            [
              88.3987789,
              22.5859169
            ],
            [
              88.3990404,
              22.5854598
            ],
            [
              88.399498,
              22.5844034
            ],
            [
              88.3998903,
              22.5835324
            ],
            [
              88.4004881,
              22.5822345
            ],
            [
              88.4006498,
              22.5819018
            ],
            [
              88.4009364,
              22.5813118
            ],
            [
              88.4011606,
              22.5808504
            ],
            [
              88.401296,
              22.5805874
            ],
            [
              88.4014361,
              22.5801605
            ],
            [
              88.4016006,
              22.5794458
            ],
            [
              88.4017537,
              22.5787806
            ],
            [
              88.4021693,
              22.5771334
            ],
            [
              88.4024261,
              22.5761459
            ],
            [
              88.4027577,
              22.5748997
            ],
            [
              88.4030753,
              22.5736578
            ],
            [
              88.4032947,
              22.5727997
            ],
            [
              88.4037617,
              22.5716871
            ],
            [
              88.4042007,
              22.5707945
            ],
            [
              88.4045849,
              22.5700376
            ],
            [
              88.4050702,
              22.5691222
            ],
            [
              88.405151,
              22.568967
            ],
            [
              88.4053367,
              22.5686102
            ],
            [
              88.4057405,
              22.5678344
            ],
            [
              88.4059162,
              22.5674843
            ],
            [
              88.406227,
              22.56682
            ],
            [
              88.4063876,
              22.5664683
            ],
            [
              88.4065908,
              22.5659943
            ],
            [
              88.4066979,
              22.5657604
            ],
            [
              88.406934,
              22.5652311
            ],
            [
              88.4071595,
              22.5647302
            ],
            [
              88.4072573,
              22.5645087
            ],
            [
              88.4073997,
              22.5641825
            ],
            [
              88.4075435,
              22.5638572
            ],
            [
              88.4076801,
              22.5635547
            ],
            [
              88.4078886,
              22.5630806
            ],
            [
              88.4080991,
              22.5626269
            ],
            [
              88.4082338,
              22.5623504
            ],
            [
              88.4083254,
              22.5621683
            ],
            [
              88.4085531,
              22.5617803
            ],
            [
              88.4087235,
              22.5615119
            ],
            [
              88.4088022,
              22.56139
            ],
            [
              88.4089725,
              22.5611364
            ],
            [
              88.4090831,
              22.5609938
            ],
            [
              88.4092747,
              22.5607509
            ],
            [
              88.4095094,
              22.5604715
            ],
            [
              88.4097424,
              22.5602043
            ],
            [
              88.4099539,
              22.5599579
            ],
            [
              88.4101735,
              22.5597027
            ],
            [
              88.4104718,
              22.559365
            ],
            [
              88.4105707,
              22.5592571
            ],
            [
              88.4108196,
              22.5589864
            ],
            [
              88.4110775,
              22.5586995
            ],
            [
              88.4111831,
              22.5585868
            ],
            [
              88.4112997,
              22.5584688
            ],
            [
              88.4116065,
              22.5581461
            ],
            [
              88.411805,
              22.557834
            ],
            [
              88.4119445,
              22.5575616
            ],
            [
              88.4120625,
              22.5573486
            ],
            [
              88.4121752,
              22.557081
            ],
            [
              88.4122556,
              22.5567392
            ],
            [
              88.4123551,
              22.5562736
            ],
            [
              88.4128297,
              22.5553295
            ],
            [
              88.4129804,
              22.5552084
            ],
            [
              88.4134258,
              22.5548505
            ],
            [
              88.4138062,
              22.5547394
            ],
            [
              88.4140412,
              22.5545714
            ],
            [
              88.4141318,
              22.5544823
            ],
            [
              88.4149184,
              22.5537087
            ],
            [
              88.4158003,
              22.5530369
            ],
            [
              88.4174855,
              22.551678
            ],
            [
              88.4183579,
              22.5512143
            ],
            [
              88.4186473,
              22.5509879
            ],
            [
              88.4187629,
              22.5508747
            ],
            [
              88.4193344,
              22.5500807
            ],
            [
              88.4195813,
              22.5498243
            ],
            [
              88.4197698,
              22.5495396
            ],
            [
              88.4210649,
              22.5479916
            ],
            [
              88.4220131,
              22.547041
            ],
            [
              88.4232456,
              22.545564
            ],
            [
              88.4237967,
              22.545845
            ],
            [
              88.4239379,
              22.545909
            ],
            [
              88.4241593,
              22.5457339
            ],
            [
              88.4243312,
              22.5455365
            ],
            [
              88.4250491,
              22.5449091
            ],
            [
              88.4251338,
              22.5448029
            ],
            [
              88.4253242,
              22.5444665
            ],
            [
              88.4255183,
              22.544212
            ],
            [
              88.4256449,
              22.5439781
            ],
            [
              88.4259467,
              22.5435075
            ],
            [
              88.4260345,
              22.5432746
            ],
            [
              88.4261294,
              22.5431093
            ],
            [
              88.4263467,
              22.5428776
            ],
            [
              88.4268066,
              22.5424554
            ],
            [
              88.4272934,
              22.5418837
            ],
            [
              88.4274415,
              22.5417382
            ],
            [
              88.4276812,
              22.5415668
            ],
            [
              88.4281034,
              22.5413886
            ],
            [
              88.4281921,
              22.5413304
            ],
            [
              88.4282106,
              22.5413183
            ],
            [
              88.4285297,
              22.5409855
            ],
            [
              88.4287248,
              22.5408148
            ],
            [
              88.4289563,
              22.5406446
            ],
            [
              88.4292705,
              22.540454
            ],
            [
              88.4298436,
              22.5399343
            ],
            [
              88.4305655,
              22.5395082
            ],
            [
              88.4313881,
              22.538915
            ],
            [
              88.4321321,
              22.5384162
            ],
            [
              88.4322838,
              22.5383048
            ],
            [
              88.4325726,
              22.5380316
            ],
            [
              88.4338522,
              22.5371042
            ],
            [
              88.4338491,
              22.5370554
            ],
            [
              88.4337619,
              22.5369665
            ],
            [
              88.4337615,
              22.5368881
            ],
            [
              88.4342308,
              22.5364385
            ],
            [
              88.4343395,
              22.5362994
            ],
            [
              88.4345438,
              22.5359247
            ],
            [
              88.4346336,
              22.5356904
            ],
            [
              88.434706,
              22.5355459
            ],
            [
              88.4348421,
              22.5353065
            ],
            [
              88.4350583,
              22.5349776
            ],
            [
              88.4357455,
              22.5341446
            ],
            [
              88.4360771,
              22.5337606
            ],
            [
              88.4364649,
              22.5333422
            ],
            [
              88.4366409,
              22.533102
            ],
            [
              88.4372795,
              22.5323973
            ],
            [
              88.4379776,
              22.5315693
            ],
            [
              88.4389472,
              22.5305605
            ],
            [
              88.4393061,
              22.5301423
            ],
            [
              88.4395334,
              22.5299398
            ],
            [
              88.4398648,
              22.5297664
            ],
            [
              88.439994,
              22.5297631
            ],
            [
              88.4400489,
              22.5297418
            ],
            [
              88.4401789,
              22.5296177
            ],
            [
              88.4406379,
              22.5289772
            ],
            [
              88.4408119,
              22.5286945
            ],
            [
              88.4410941,
              22.5281535
            ],
            [
              88.4413065,
              22.5276736
            ],
            [
              88.4413281,
              22.5276532
            ],
            [
              88.4414033,
              22.5276276
            ],
            [
              88.4415556,
              22.5275904
            ],
            [
              88.4417168,
              22.5275905
            ],
            [
              88.4418524,
              22.5275581
            ],
            [
              88.4419793,
              22.5274946
            ],
            [
              88.4421074,
              22.5273969
            ],
            [
              88.4424742,
              22.5272491
            ],
            [
              88.4425372,
              22.5271794
            ],
            [
              88.4426837,
              22.5269562
            ],
            [
              88.442805,
              22.5268712
            ],
            [
              88.4430669,
              22.5267287
            ],
            [
              88.4431938,
              22.5265965
            ],
            [
              88.4433864,
              22.5266225
            ],
            [
              88.4435836,
              22.5266789
            ],
            [
              88.4437887,
              22.5268091
            ],
            [
              88.4439413,
              22.526897
            ],
            [
              88.4440485,
              22.5269569
            ],
            [
              88.4441539,
              22.526996
            ],
            [
              88.4443167,
              22.5270405
            ],
            [
              88.4446239,
              22.5270945
            ],
            [
              88.4449362,
              22.5271426
            ],
            [
              88.4452238,
              22.5271803
            ],
            [
              88.4455432,
              22.5271999
            ],
            [
              88.4457443,
              22.5271952
            ],
            [
              88.4459218,
              22.5271681
            ],
            [
              88.4460604,
              22.5271336
            ],
            [
              88.4462011,
              22.5270844
            ],
            [
              88.446452,
              22.5270039
            ],
            [
              88.4467826,
              22.5268767
            ],
            [
              88.4472377,
              22.5267415
            ],
            [
              88.4477087,
              22.526559
            ],
            [
              88.4484228,
              22.5263262
            ],
            [
              88.4489475,
              22.5261565
            ],
            [
              88.4500564,
              22.5257644
            ],
            [
              88.4509889,
              22.5254915
            ],
            [
              88.452765,
              22.5249771
            ],
            [
              88.4532336,
              22.5248667
            ],
            [
              88.4535638,
              22.5247768
            ],
            [
              88.4539189,
              22.52467
            ],
            [
              88.4544669,
              22.5244974
            ],
            [
              88.4550142,
              22.524328
            ],
            [
              88.4554915,
              22.524156
            ],
            [
              88.4564796,
              22.5238239
            ],
            [
              88.4574247,
              22.5235251
            ],
            [
              88.4578074,
              22.5234281
            ],
            [
              88.4586756,
              22.523124
            ],
            [
              88.4610776,
              22.5225633
            ],
            [
              88.4662327,
              22.5209849
            ],
            [
              88.4708042,
              22.5192959
            ],
            [
              88.4745405,
              22.5182895
            ],
            [
              88.4768622,
              22.5181062
            ],
            [
              88.4781949,
              22.5181228
            ],
            [
              88.4787802,
              22.5181429
            ],
            [
              88.4795981,
              22.5186212
            ],
            [
              88.4808274,
              22.519501
            ],
            [
              88.4815352,
              22.5208106
            ],
            [
              88.4816873,
              22.5214573
            ],
            [
              88.4814888,
              22.5219182
            ],
            [
              88.4818147,
              22.5225093
            ],
            [
              88.4825733,
              22.5228264
            ],
            [
              88.483107,
              22.5238477
            ],
            [
              88.4832517,
              22.5243639
            ],
            [
              88.4834392,
              22.5250328
            ],
            [
              88.483249,
              22.5262158
            ],
            [
              88.4821945,
              22.5281159
            ],
            [
              88.4814,
              22.5298785
            ],
            [
              88.4811452,
              22.530502
            ],
            [
              88.4801251,
              22.5327168
            ],
            [
              88.4785854,
              22.5354315
            ],
            [
              88.4777943,
              22.5375182
            ],
            [
              88.4777756,
              22.5377287
            ],
            [
              88.4773858,
              22.5421302
            ],
            [
              88.47707,
              22.5456967
            ],
            [
              88.4771862,
              22.5481681
            ],
            [
              88.4776392,
              22.5497843
            ],
            [
              88.4780554,
              22.5506716
            ],
            [
              88.4777094,
              22.5509179
            ],
            [
              88.4746498,
              22.5528093
            ],
            [
              88.4736676,
              22.553363
            ],
            [
              88.4721661,
              22.5542093
            ],
            [
              88.4701868,
              22.5561053
            ],
            [
              88.467353,
              22.5586856
            ],
            [
              88.4670243,
              22.5589848
            ],
            [
              88.4658126,
              22.560088
            ],
            [
              88.4628857,
              22.5631286
            ],
            [
              88.4609014,
              22.5650911
            ],
            [
              88.4582265,
              22.5676808
            ],
            [
              88.4584005,
              22.5680225
            ],
            [
              88.4584045,
              22.5680303
            ],
            [
              88.4588694,
              22.5680261
            ],
            [
              88.4591215,
              22.567842
            ],
            [
              88.4604795,
              22.5668508
            ],
            [
              88.4624487,
              22.5662117
            ],
            [
              88.463923,
              22.5654962
            ],
            [
              88.4643731,
              22.5656392
            ],
            [
              88.4643883,
              22.5656441
            ],
            [
              88.4644186,
              22.5656537
            ],
            [
              88.4648889,
              22.5661625
            ],
            [
              88.4648959,
              22.5663166
            ],
            [
              88.4649268,
              22.5669993
            ],
            [
              88.4651974,
              22.567861
            ],
            [
              88.4658728,
              22.5683509
            ],
            [
              88.4667786,
              22.5690078
            ],
            [
              88.4668695,
              22.5693581
            ],
            [
              88.4667547,
              22.5694941
            ],
            [
              88.466383,
              22.5695382
            ],
            [
              88.4662613,
              22.5695527
            ],
            [
              88.4657435,
              22.5700435
            ],
            [
              88.4657464,
              22.5703135
            ],
            [
              88.4659778,
              22.5707591
            ],
            [
              88.4659836,
              22.5707704
            ],
            [
              88.466483,
              22.571279
            ],
            [
              88.466458,
              22.5716573
            ],
            [
              88.4663699,
              22.5717361
            ],
            [
              88.4659398,
              22.5721211
            ],
            [
              88.4659447,
              22.5728939
            ],
            [
              88.4664128,
              22.5731867
            ],
            [
              88.4668506,
              22.5733717
            ],
            [
              88.4672623,
              22.573827
            ],
            [
              88.4674627,
              22.5738196
            ],
            [
              88.4682208,
              22.5737913
            ],
            [
              88.4683315,
              22.5737571
            ],
            [
              88.4689813,
              22.5735564
            ],
            [
              88.4698427,
              22.5732904
            ],
            [
              88.4703105,
              22.5735561
            ],
            [
              88.4703496,
              22.5735769
            ],
            [
              88.4707378,
              22.5737834
            ],
            [
              88.4715086,
              22.5741933
            ],
            [
              88.4718746,
              22.5747843
            ],
            [
              88.4719543,
              22.5749129
            ],
            [
              88.4719545,
              22.5749132
            ],
            [
              88.4722512,
              22.5753924
            ],
            [
              88.4723068,
              22.5754822
            ],
            [
              88.4723277,
              22.5755536
            ],
            [
              88.4724878,
              22.5761017
            ],
            [
              88.4727543,
              22.5763098
            ],
            [
              88.4731031,
              22.5765821
            ],
            [
              88.4739693,
              22.5760611
            ],
            [
              88.4746072,
              22.5754038
            ],
            [
              88.4746304,
              22.5753799
            ],
            [
              88.4745973,
              22.5750021
            ],
            [
              88.4743908,
              22.574707
            ],
            [
              88.4741552,
              22.5744121
            ],
            [
              88.4738632,
              22.5742797
            ],
            [
              88.4737684,
              22.5743997
            ],
            [
              88.4736912,
              22.5744973
            ],
            [
              88.4736063,
              22.5747142
            ],
            [
              88.4733144,
              22.5745818
            ],
            [
              88.473222,
              22.5740966
            ],
            [
              88.4728403,
              22.573722
            ],
            [
              88.4727792,
              22.5734525
            ],
            [
              88.4731542,
              22.573179
            ],
            [
              88.4732358,
              22.5726652
            ],
            [
              88.4736115,
              22.5724727
            ],
            [
              88.4738306,
              22.5721279
            ],
            [
              88.4738242,
              22.5715339
            ],
            [
              88.4741404,
              22.5712069
            ],
            [
              88.474779,
              22.571147
            ],
            [
              88.4747451,
              22.5706883
            ],
            [
              88.4748515,
              22.5697691
            ],
            [
              88.4753446,
              22.5696836
            ],
            [
              88.4757583,
              22.5693502
            ],
            [
              88.4759207,
              22.5692192
            ],
            [
              88.4761198,
              22.5688123
            ],
            [
              88.4761301,
              22.568425
            ],
            [
              88.4761406,
              22.568029
            ],
            [
              88.476488,
              22.5679177
            ],
            [
              88.4768919,
              22.567644
            ],
            [
              88.4767731,
              22.567402
            ],
            [
              88.4767694,
              22.567051
            ],
            [
              88.4772349,
              22.5671007
            ],
            [
              88.4777305,
              22.5672582
            ],
            [
              88.4785442,
              22.5672777
            ],
            [
              88.4788564,
              22.5665727
            ],
            [
              88.4792631,
              22.566569
            ],
            [
              88.4802201,
              22.566936
            ],
            [
              88.4802259,
              22.5669382
            ],
            [
              88.4810132,
              22.567201
            ],
            [
              88.4817677,
              22.567113
            ],
            [
              88.4817685,
              22.5671047
            ],
            [
              88.4818198,
              22.5665454
            ],
            [
              88.4817844,
              22.5659516
            ],
            [
              88.4822429,
              22.5653533
            ],
            [
              88.4828187,
              22.5648619
            ],
            [
              88.4831976,
              22.5649664
            ],
            [
              88.4833605,
              22.564656
            ],
            [
              88.4835108,
              22.5643694
            ],
            [
              88.4832328,
              22.5634832
            ],
            [
              88.4831772,
              22.5633057
            ],
            [
              88.4834796,
              22.5617107
            ],
            [
              88.4841898,
              22.560193
            ],
            [
              88.4847939,
              22.5596207
            ],
            [
              88.48604,
              22.5593124
            ],
            [
              88.4879277,
              22.5592409
            ],
            [
              88.4885927,
              22.558938
            ],
            [
              88.4894573,
              22.5582823
            ],
            [
              88.4902385,
              22.5579782
            ],
            [
              88.4917216,
              22.5580994
            ],
            [
              88.4930844,
              22.5578438
            ],
            [
              88.4931983,
              22.5576269
            ],
            [
              88.4930449,
              22.5568727
            ],
            [
              88.4930289,
              22.5553886
            ],
            [
              88.4933714,
              22.5548188
            ],
            [
              88.4944155,
              22.5546471
            ],
            [
              88.4954927,
              22.554853
            ],
            [
              88.4959818,
              22.5552345
            ],
            [
              88.4967233,
              22.5558131
            ],
            [
              88.4969249,
              22.5558314
            ],
            [
              88.4983739,
              22.5559633
            ],
            [
              88.4999975,
              22.5561111
            ],
            [
              88.5010605,
              22.5567072
            ],
            [
              88.5014687,
              22.5568791
            ],
            [
              88.501916,
              22.5568298
            ],
            [
              88.5027335,
              22.5564197
            ],
            [
              88.5034527,
              22.5560589
            ],
            [
              88.5036764,
              22.556032
            ],
            [
              88.5037979,
              22.5562036
            ],
            [
              88.5037293,
              22.5567229
            ],
            [
              88.5039819,
              22.5569308
            ],
            [
              88.5044971,
              22.5570891
            ],
            [
              88.5052603,
              22.5570401
            ],
            [
              88.5061891,
              22.5568195
            ],
            [
              88.5070345,
              22.5573123
            ],
            [
              88.5078554,
              22.5580038
            ],
            [
              88.508545,
              22.5588396
            ],
            [
              88.5087834,
              22.5587179
            ],
            [
              88.5088131,
              22.5586811
            ],
            [
              88.5095182,
              22.5578108
            ],
            [
              88.5098975,
              22.5575925
            ],
            [
              88.5099413,
              22.5575673
            ],
            [
              88.5104954,
              22.5576625
            ],
            [
              88.5110394,
              22.5582454
            ],
            [
              88.5116856,
              22.5586748
            ],
            [
              88.5118996,
              22.5585259
            ],
            [
              88.5122162,
              22.5577405
            ],
            [
              88.5122172,
              22.5565575
            ],
            [
              88.5118193,
              22.5556723
            ],
            [
              88.5116887,
              22.5549317
            ],
            [
              88.5115048,
              22.5539743
            ],
            [
              88.5120888,
              22.5530898
            ],
            [
              88.5120985,
              22.5529495
            ],
            [
              88.5121429,
              22.5523041
            ],
            [
              88.5126197,
              22.551862
            ],
            [
              88.5142339,
              22.55152
            ],
            [
              88.5143742,
              22.5515181
            ],
            [
              88.5161638,
              22.5514942
            ],
            [
              88.5164846,
              22.5515667
            ],
            [
              88.5166163,
              22.5509031
            ],
            [
              88.5169031,
              22.5509349
            ],
            [
              88.5182542,
              22.5513286
            ],
            [
              88.518755,
              22.5511574
            ],
            [
              88.5191249,
              22.5505887
            ],
            [
              88.5194954,
              22.54979
            ],
            [
              88.5194997,
              22.5497807
            ],
            [
              88.5198935,
              22.5498261
            ],
            [
              88.5210637,
              22.550255
            ],
            [
              88.521493,
              22.5504124
            ],
            [
              88.5222505,
              22.5506901
            ],
            [
              88.5237228,
              22.5514948
            ],
            [
              88.5249047,
              22.552206
            ],
            [
              88.5253602,
              22.5524801
            ],
            [
              88.5254426,
              22.5527781
            ],
            [
              88.5244938,
              22.5540012
            ],
            [
              88.5233216,
              22.5549892
            ],
            [
              88.5225821,
              22.555675
            ],
            [
              88.5225081,
              22.5560344
            ],
            [
              88.5224455,
              22.5563387
            ],
            [
              88.5226051,
              22.5574496
            ],
            [
              88.5227815,
              22.5581098
            ],
            [
              88.5228669,
              22.5584295
            ],
            [
              88.5228323,
              22.5584947
            ],
            [
              88.5222662,
              22.5595604
            ],
            [
              88.5219122,
              22.5602925
            ],
            [
              88.5219422,
              22.5605671
            ],
            [
              88.5220062,
              22.5611549
            ],
            [
              88.5224456,
              22.5620508
            ],
            [
              88.5226357,
              22.5624383
            ],
            [
              88.5229974,
              22.563058
            ],
            [
              88.5234876,
              22.5638977
            ],
            [
              88.523553,
              22.5640875
            ],
            [
              88.5235581,
              22.5641196
            ],
            [
              88.5236595,
              22.5647513
            ],
            [
              88.5245875,
              22.5654291
            ],
            [
              88.5260036,
              22.566366
            ],
            [
              88.5274156,
              22.5673002
            ],
            [
              88.5275761,
              22.5674098
            ],
            [
              88.5277981,
              22.5675614
            ],
            [
              88.5299036,
              22.5689995
            ],
            [
              88.5311368,
              22.5701307
            ],
            [
              88.5317013,
              22.5706485
            ],
            [
              88.5336834,
              22.5728576
            ],
            [
              88.5350874,
              22.5745562
            ],
            [
              88.535588,
              22.5747777
            ],
            [
              88.5365412,
              22.5744576
            ],
            [
              88.5374941,
              22.5745575
            ],
            [
              88.5379703,
              22.5748016
            ],
            [
              88.5384755,
              22.575443
            ],
            [
              88.5382074,
              22.5765717
            ],
            [
              88.5380218,
              22.5779262
            ],
            [
              88.5379969,
              22.578951
            ],
            [
              88.5383499,
              22.5794935
            ],
            [
              88.5384437,
              22.5796376
            ],
            [
              88.5392649,
              22.5804508
            ],
            [
              88.5396635,
              22.5806
            ],
            [
              88.5400332,
              22.5802797
            ],
            [
              88.5403738,
              22.5799592
            ],
            [
              88.5406947,
              22.5799323
            ],
            [
              88.5409863,
              22.5801809
            ],
            [
              88.5409763,
              22.5802581
            ],
            [
              88.5409325,
              22.5805962
            ],
            [
              88.5403486,
              22.5813589
            ],
            [
              88.5403728,
              22.5815305
            ],
            [
              88.5407179,
              22.5815803
            ],
            [
              88.5413895,
              22.5815035
            ],
            [
              88.541778,
              22.581459
            ],
            [
              88.5420939,
              22.5816308
            ],
            [
              88.5421473,
              22.5819514
            ],
            [
              88.5419114,
              22.5824982
            ],
            [
              88.5416701,
              22.5830574
            ],
            [
              88.5416695,
              22.5840416
            ],
            [
              88.5412993,
              22.5849265
            ],
            [
              88.5413479,
              22.5852154
            ],
            [
              88.5419848,
              22.5852158
            ],
            [
              88.5429912,
              22.5853111
            ],
            [
              88.5439147,
              22.5858805
            ],
            [
              88.5444734,
              22.5866665
            ],
            [
              88.5445263,
              22.5876507
            ],
            [
              88.5443652,
              22.5886847
            ],
            [
              88.5445495,
              22.5893936
            ],
            [
              88.5449189,
              22.5897144
            ],
            [
              88.545687,
              22.5900535
            ],
            [
              88.5460029,
              22.5904239
            ],
            [
              88.5465323,
              22.5912594
            ],
            [
              88.5468107,
              22.5914455
            ],
            [
              88.5470865,
              22.5916299
            ],
            [
              88.5471688,
              22.5921718
            ],
            [
              88.5470858,
              22.592858
            ],
            [
              88.5472753,
              22.5930071
            ],
            [
              88.5478477,
              22.5928213
            ],
            [
              88.5480389,
              22.5927592
            ],
            [
              88.5482476,
              22.5926749
            ],
            [
              88.5490651,
              22.5923443
            ],
            [
              88.5505435,
              22.5920245
            ],
            [
              88.5527174,
              22.591461
            ],
            [
              88.5531403,
              22.5916825
            ],
            [
              88.5532713,
              22.5919534
            ],
            [
              88.5533782,
              22.5921747
            ],
            [
              88.5534023,
              22.5926895
            ],
            [
              88.5530861,
              22.5930325
            ],
            [
              88.5521329,
              22.5933301
            ],
            [
              88.5514177,
              22.5939935
            ],
            [
              88.550513,
              22.5944323
            ],
            [
              88.5502552,
              22.5945573
            ],
            [
              88.5495109,
              22.59532
            ],
            [
              88.5492413,
              22.595411
            ],
            [
              88.5481345,
              22.5957844
            ],
            [
              88.5477354,
              22.5964254
            ],
            [
              88.5470243,
              22.5983349
            ],
            [
              88.5465469,
              22.5997118
            ],
            [
              88.5459925,
              22.5999553
            ],
            [
              88.5455693,
              22.6001267
            ],
            [
              88.5454864,
              22.6005962
            ],
            [
              88.545648,
              22.6015082
            ],
            [
              88.5458305,
              22.6025379
            ],
            [
              88.5456209,
              22.6033731
            ],
            [
              88.5451928,
              22.6036213
            ],
            [
              88.5441909,
              22.6037697
            ],
            [
              88.5439524,
              22.6041128
            ],
            [
              88.5439868,
              22.6047296
            ],
            [
              88.5440053,
              22.6050611
            ],
            [
              88.5447654,
              22.6064323
            ],
            [
              88.5449041,
              22.6066824
            ],
            [
              88.5457789,
              22.6076943
            ],
            [
              88.5460905,
              22.6083788
            ],
            [
              88.5465171,
              22.6093156
            ],
            [
              88.5467844,
              22.6095641
            ],
            [
              88.5471297,
              22.6095145
            ],
            [
              88.5481855,
              22.6086301
            ],
            [
              88.5497517,
              22.6081116
            ],
            [
              88.5505444,
              22.6081391
            ],
            [
              88.5507334,
              22.6083592
            ],
            [
              88.5509672,
              22.6086314
            ],
            [
              88.5515731,
              22.6100565
            ],
            [
              88.551636,
              22.6102045
            ],
            [
              88.5516588,
              22.6102582
            ],
            [
              88.5518658,
              22.6107449
            ],
            [
              88.5524196,
              22.6117431
            ],
            [
              88.5525553,
              22.6126281
            ],
            [
              88.5527644,
              22.6128269
            ],
            [
              88.5532265,
              22.6129575
            ],
            [
              88.5533721,
              22.6129987
            ],
            [
              88.5536637,
              22.6134142
            ],
            [
              88.5538675,
              22.6140862
            ],
            [
              88.5539427,
              22.6143342
            ],
            [
              88.5540376,
              22.614647
            ],
            [
              88.5542215,
              22.6161958
            ],
            [
              88.554085,
              22.6168098
            ],
            [
              88.5534235,
              22.6171526
            ],
            [
              88.553399,
              22.6174235
            ],
            [
              88.5538755,
              22.6175954
            ],
            [
              88.5546683,
              22.6174016
            ],
            [
              88.5548553,
              22.6176143
            ],
            [
              88.5549065,
              22.6176726
            ],
            [
              88.5549409,
              22.6179288
            ],
            [
              88.5549838,
              22.6182484
            ],
            [
              88.5549889,
              22.6182867
            ],
            [
              88.5554362,
              22.6184585
            ],
            [
              88.5564966,
              22.6182061
            ],
            [
              88.556944,
              22.6183282
            ],
            [
              88.5575812,
              22.6181072
            ],
            [
              88.5585246,
              22.6183017
            ],
            [
              88.559059,
              22.6183453
            ],
            [
              88.5591373,
              22.6183517
            ],
            [
              88.5597989,
              22.6181533
            ],
            [
              88.5599545,
              22.6183295
            ],
            [
              88.5600612,
              22.6187223
            ],
            [
              88.5602216,
              22.6190159
            ],
            [
              88.5598761,
              22.6194357
            ],
            [
              88.5595064,
              22.6196071
            ],
            [
              88.5588449,
              22.6196564
            ],
            [
              88.5583389,
              22.6199994
            ],
            [
              88.5582365,
              22.6206134
            ],
            [
              88.5582847,
              22.6214487
            ],
            [
              88.5586591,
              22.6216476
            ],
            [
              88.559383,
              22.6218389
            ],
            [
              88.559583,
              22.6218918
            ],
            [
              88.5596292,
              22.6220315
            ],
            [
              88.5597142,
              22.6222891
            ],
            [
              88.5597666,
              22.6244023
            ],
            [
              88.5597575,
              22.6246472
            ],
            [
              88.559742,
              22.625066
            ],
            [
              88.5524654,
              22.6296187
            ],
            [
              88.5514139,
              22.6281531
            ],
            [
              88.550384,
              22.627856
            ],
            [
              88.5455989,
              22.6281927
            ],
            [
              88.5420798,
              22.6299356
            ],
            [
              88.5372733,
              22.6304109
            ],
            [
              88.5339259,
              22.6260536
            ],
            [
              88.5312652,
              22.6239938
            ],
            [
              88.5279178,
              22.624786
            ],
            [
              88.5250854,
              22.6270836
            ],
            [
              88.5219955,
              22.6264498
            ],
            [
              88.516159,
              22.626529
            ],
            [
              88.5122108,
              22.6278758
            ],
            [
              88.5086059,
              22.6289057
            ],
            [
              88.5048293,
              22.6292226
            ],
            [
              88.4995936,
              22.6304109
            ],
            [
              88.4963321,
              22.6327084
            ],
            [
              88.4929847,
              22.6357979
            ],
            [
              88.4894656,
              22.6377784
            ],
            [
              88.4838866,
              22.6396796
            ],
            [
              88.4789943,
              22.6411847
            ],
            [
              88.4753894,
              22.641264
            ],
            [
              88.4746169,
              22.6433236
            ],
            [
              88.4699998,
              22.6534445
            ],
            [
              88.469357,
              22.6550019
            ],
            [
              88.467281,
              22.6584255
            ],
            [
              88.4655935,
              22.6616389
            ],
            [
              88.4641738,
              22.6635422
            ],
            [
              88.462272,
              22.6654701
            ],
            [
              88.4612541,
              22.666224
            ],
            [
              88.4594996,
              22.6673116
            ],
            [
              88.4550665,
              22.6726381
            ],
            [
              88.4540984,
              22.6800127
            ],
            [
              88.45479,
              22.6830044
            ],
            [
              88.450756,
              22.6852218
            ]
          ]
        ]
      },
      "id": "relation/10372171"
    },
    {
      "type": "Feature",
      "properties": {
        "@id": "relation/10372172",
        "admin_level": "6",
        "boundary": "administrative",
        "name": "Barrackpur - II",
        "ref:LGD:subdistrict": "2323",
        "type": "boundary",
        "wikidata": "Q4863170"
      },
      "geometry": {
        "type": "Polygon",
        "coordinates": [
          [
            [
              88.450756,
              22.6852218
            ],
            [
              88.451271,
              22.6875975
            ],
            [
              88.4494685,
              22.6910818
            ],
            [
              88.4464232,
              22.6923706
            ],
            [
              88.440113,
              22.6950411
            ],
            [
              88.440628,
              22.7003464
            ],
            [
              88.4362506,
              22.7039887
            ],
            [
              88.4333324,
              22.7062849
            ],
            [
              88.4332037,
              22.7080268
            ],
            [
              88.433032,
              22.7125398
            ],
            [
              88.4321308,
              22.7147963
            ],
            [
              88.4311008,
              22.7170131
            ],
            [
              88.4308862,
              22.7218425
            ],
            [
              88.4282684,
              22.7268697
            ],
            [
              88.425951,
              22.7308675
            ],
            [
              88.4236335,
              22.7349444
            ],
            [
              88.420372,
              22.7387837
            ],
            [
              88.4192991,
              22.7459673
            ],
            [
              88.4194493,
              22.7481836
            ],
            [
              88.4196853,
              22.7511716
            ],
            [
              88.420136,
              22.7528932
            ],
            [
              88.4210372,
              22.7547137
            ],
            [
              88.4219813,
              22.7559405
            ],
            [
              88.4240842,
              22.7565539
            ],
            [
              88.4268093,
              22.757385
            ],
            [
              88.4280967,
              22.7588492
            ],
            [
              88.4285259,
              22.7599177
            ],
            [
              88.4288049,
              22.7619359
            ],
            [
              88.4296416,
              22.7627275
            ],
            [
              88.4283542,
              22.7640729
            ],
            [
              88.4264659,
              22.7666847
            ],
            [
              88.4246635,
              22.7687424
            ],
            [
              88.4225177,
              22.7757859
            ],
            [
              88.4177112,
              22.7813255
            ],
            [
              88.4159946,
              22.7858361
            ],
            [
              88.4129905,
              22.7893179
            ],
            [
              88.4109305,
              22.7920874
            ],
            [
              88.409948,
              22.7924308
            ],
            [
              88.4070687,
              22.7932161
            ],
            [
              88.4046109,
              22.7934624
            ],
            [
              88.403481,
              22.7935297
            ],
            [
              88.4020727,
              22.7933001
            ],
            [
              88.4008404,
              22.7930992
            ],
            [
              88.3998522,
              22.7928143
            ],
            [
              88.3988346,
              22.7925208
            ],
            [
              88.3962472,
              22.7923206
            ],
            [
              88.3960773,
              22.7922525
            ],
            [
              88.3939688,
              22.7914078
            ],
            [
              88.3934436,
              22.7916333
            ],
            [
              88.3928457,
              22.7925282
            ],
            [
              88.3921882,
              22.7935125
            ],
            [
              88.3915627,
              22.7953193
            ],
            [
              88.3916263,
              22.7955993
            ],
            [
              88.3914823,
              22.7959125
            ],
            [
              88.3904978,
              22.7964808
            ],
            [
              88.3901583,
              22.7965216
            ],
            [
              88.3897262,
              22.7963782
            ],
            [
              88.3895556,
              22.7962635
            ],
            [
              88.3883002,
              22.7954185
            ],
            [
              88.3866042,
              22.7958911
            ],
            [
              88.3860298,
              22.7960511
            ],
            [
              88.3847766,
              22.795994
            ],
            [
              88.384067,
              22.7960049
            ],
            [
              88.3837051,
              22.7957658
            ],
            [
              88.383521,
              22.7952202
            ],
            [
              88.3823066,
              22.7933084
            ],
            [
              88.3800785,
              22.7934526
            ],
            [
              88.3787498,
              22.7912139
            ],
            [
              88.3778822,
              22.7887667
            ],
            [
              88.3773498,
              22.7872449
            ],
            [
              88.3771376,
              22.7866386
            ],
            [
              88.3771176,
              22.7866182
            ],
            [
              88.3758272,
              22.7853066
            ],
            [
              88.3751357,
              22.7846039
            ],
            [
              88.3726767,
              22.7835638
            ],
            [
              88.3707812,
              22.7822164
            ],
            [
              88.3703571,
              22.7819631
            ],
            [
              88.3697516,
              22.7819372
            ],
            [
              88.3683781,
              22.782508
            ],
            [
              88.3676547,
              22.7823097
            ],
            [
              88.36519,
              22.7813036
            ],
            [
              88.3650645,
              22.7812565
            ],
            [
              88.3641725,
              22.7809214
            ],
            [
              88.3625969,
              22.7806356
            ],
            [
              88.3624455,
              22.7800541
            ],
            [
              88.363631,
              22.7786379
            ],
            [
              88.3611842,
              22.778182
            ],
            [
              88.3579769,
              22.7782271
            ],
            [
              88.355573,
              22.778835
            ],
            [
              88.3532467,
              22.7795162
            ],
            [
              88.3504733,
              22.7806286
            ],
            [
              88.3504974,
              22.7809946
            ],
            [
              88.350528,
              22.7814598
            ],
            [
              88.3513477,
              22.7822089
            ],
            [
              88.3529538,
              22.7816003
            ],
            [
              88.3555836,
              22.7820298
            ],
            [
              88.3560526,
              22.7844996
            ],
            [
              88.3564199,
              22.7868009
            ],
            [
              88.3549838,
              22.7886376
            ],
            [
              88.3526645,
              22.7905414
            ],
            [
              88.3493445,
              22.7936449
            ],
            [
              88.3479206,
              22.7927355
            ],
            [
              88.3478594,
              22.7926965
            ],
            [
              88.3477778,
              22.7926116
            ],
            [
              88.3469344,
              22.7917345
            ],
            [
              88.3439595,
              22.7902034
            ],
            [
              88.3427179,
              22.7897516
            ],
            [
              88.3405148,
              22.7887024
            ],
            [
              88.3404743,
              22.7886831
            ],
            [
              88.3403975,
              22.7886465
            ],
            [
              88.3390759,
              22.7880171
            ],
            [
              88.3352152,
              22.7855734
            ],
            [
              88.3342124,
              22.7848778
            ],
            [
              88.3337955,
              22.7845374
            ],
            [
              88.333521,
              22.7843132
            ],
            [
              88.333083,
              22.7835456
            ],
            [
              88.3325819,
              22.7826198
            ],
            [
              88.3319931,
              22.7812245
            ],
            [
              88.3319874,
              22.7809107
            ],
            [
              88.3319787,
              22.7804344
            ],
            [
              88.3319301,
              22.7799205
            ],
            [
              88.3317992,
              22.778538
            ],
            [
              88.3320723,
              22.777459
            ],
            [
              88.3324189,
              22.7764116
            ],
            [
              88.3328521,
              22.7751023
            ],
            [
              88.3335196,
              22.7734591
            ],
            [
              88.3337823,
              22.7729064
            ],
            [
              88.3343673,
              22.7716758
            ],
            [
              88.3345185,
              22.7710934
            ],
            [
              88.3349471,
              22.770484
            ],
            [
              88.3350124,
              22.7704279
            ],
            [
              88.3366613,
              22.769008
            ],
            [
              88.3366766,
              22.7689885
            ],
            [
              88.3375035,
              22.7679311
            ],
            [
              88.3375721,
              22.7678433
            ],
            [
              88.339793,
              22.7653199
            ],
            [
              88.3411809,
              22.7639567
            ],
            [
              88.3428414,
              22.7623587
            ],
            [
              88.3428605,
              22.7623417
            ],
            [
              88.3434599,
              22.761808
            ],
            [
              88.345724,
              22.7608377
            ],
            [
              88.3487817,
              22.7590052
            ],
            [
              88.3501597,
              22.7582243
            ],
            [
              88.3512722,
              22.757551
            ],
            [
              88.3528521,
              22.7565948
            ],
            [
              88.3539476,
              22.7557822
            ],
            [
              88.3546828,
              22.7554482
            ],
            [
              88.3564356,
              22.7538591
            ],
            [
              88.3564631,
              22.7538313
            ],
            [
              88.3576529,
              22.7526266
            ],
            [
              88.3577264,
              22.7525574
            ],
            [
              88.359206,
              22.7511639
            ],
            [
              88.3592066,
              22.7511631
            ],
            [
              88.3595079,
              22.7507801
            ],
            [
              88.3601397,
              22.7500482
            ],
            [
              88.3604492,
              22.7492918
            ],
            [
              88.3612332,
              22.7473761
            ],
            [
              88.3612668,
              22.7472939
            ],
            [
              88.3613679,
              22.7470469
            ],
            [
              88.3621942,
              22.7451131
            ],
            [
              88.3623293,
              22.7441261
            ],
            [
              88.3621968,
              22.7429398
            ],
            [
              88.3614214,
              22.7406359
            ],
            [
              88.3622062,
              22.7368723
            ],
            [
              88.3620141,
              22.7357427
            ],
            [
              88.3615037,
              22.7344805
            ],
            [
              88.3610537,
              22.7337774
            ],
            [
              88.3607904,
              22.7323123
            ],
            [
              88.3606353,
              22.7287991
            ],
            [
              88.3601827,
              22.7270805
            ],
            [
              88.3599482,
              22.7265716
            ],
            [
              88.3599713,
              22.7259999
            ],
            [
              88.3598179,
              22.720731
            ],
            [
              88.3590496,
              22.7182028
            ],
            [
              88.3590285,
              22.7177902
            ],
            [
              88.3588868,
              22.7150139
            ],
            [
              88.35887,
              22.7146843
            ],
            [
              88.3588531,
              22.7129795
            ],
            [
              88.3588505,
              22.7127114
            ],
            [
              88.3589869,
              22.7118583
            ],
            [
              88.3590289,
              22.7117473
            ],
            [
              88.359693,
              22.7099914
            ],
            [
              88.3606687,
              22.708559
            ],
            [
              88.3611138,
              22.7071651
            ],
            [
              88.361567,
              22.704157
            ],
            [
              88.3618762,
              22.7026115
            ],
            [
              88.3621845,
              22.7010713
            ],
            [
              88.362795,
              22.6993172
            ],
            [
              88.3630178,
              22.697432
            ],
            [
              88.3631132,
              22.6948753
            ],
            [
              88.3632467,
              22.6912993
            ],
            [
              88.3634759,
              22.6887536
            ],
            [
              88.3635295,
              22.688158
            ],
            [
              88.3634555,
              22.6855579
            ],
            [
              88.3627279,
              22.6827958
            ],
            [
              88.3624742,
              22.6821273
            ],
            [
              88.3617611,
              22.6802481
            ],
            [
              88.3601405,
              22.6775041
            ],
            [
              88.360067,
              22.6773903
            ],
            [
              88.3586494,
              22.6751948
            ],
            [
              88.3577697,
              22.674126
            ],
            [
              88.3570088,
              22.6728545
            ],
            [
              88.3562428,
              22.6710674
            ],
            [
              88.3557452,
              22.6695694
            ],
            [
              88.3555112,
              22.6676529
            ],
            [
              88.3552283,
              22.6667443
            ],
            [
              88.3545369,
              22.664524
            ],
            [
              88.3542648,
              22.66365
            ],
            [
              88.3529813,
              22.65832
            ],
            [
              88.3525681,
              22.6555658
            ],
            [
              88.3525576,
              22.6544897
            ],
            [
              88.3522251,
              22.6525867
            ],
            [
              88.3522112,
              22.6524133
            ],
            [
              88.3521426,
              22.651556
            ],
            [
              88.3523673,
              22.6498502
            ],
            [
              88.3531464,
              22.6480822
            ],
            [
              88.3548141,
              22.6458483
            ],
            [
              88.3559566,
              22.644202
            ],
            [
              88.3573433,
              22.642845
            ],
            [
              88.3576752,
              22.6422368
            ],
            [
              88.357749,
              22.641051
            ],
            [
              88.3584881,
              22.6362534
            ],
            [
              88.3612561,
              22.6311635
            ],
            [
              88.3651207,
              22.6183916
            ],
            [
              88.3689535,
              22.618764
            ],
            [
              88.3734407,
              22.6184379
            ],
            [
              88.3762506,
              22.6181261
            ],
            [
              88.3794263,
              22.6182667
            ],
            [
              88.3826313,
              22.6187665
            ],
            [
              88.3841287,
              22.6188255
            ],
            [
              88.3864348,
              22.6181122
            ],
            [
              88.3881638,
              22.6180973
            ],
            [
              88.3911891,
              22.618694
            ],
            [
              88.3922782,
              22.6181766
            ],
            [
              88.3923193,
              22.6181571
            ],
            [
              88.3928443,
              22.6164754
            ],
            [
              88.3931763,
              22.6135735
            ],
            [
              88.393,
              22.6126547
            ],
            [
              88.3928513,
              22.6118797
            ],
            [
              88.3928439,
              22.6111461
            ],
            [
              88.3933452,
              22.6087273
            ],
            [
              88.3933322,
              22.60743
            ],
            [
              88.393299,
              22.6041407
            ],
            [
              88.3928345,
              22.5997175
            ],
            [
              88.3928042,
              22.5994288
            ],
            [
              88.3920212,
              22.5962377
            ],
            [
              88.3920084,
              22.5961857
            ],
            [
              88.3922617,
              22.5952061
            ],
            [
              88.3947561,
              22.5925491
            ],
            [
              88.3963109,
              22.5934234
            ],
            [
              88.4060705,
              22.5995404
            ],
            [
              88.4093275,
              22.6014587
            ],
            [
              88.4121967,
              22.6032042
            ],
            [
              88.4138492,
              22.6037089
            ],
            [
              88.4165485,
              22.6033828
            ],
            [
              88.4187815,
              22.6030492
            ],
            [
              88.4186118,
              22.6037144
            ],
            [
              88.4179037,
              22.6042839
            ],
            [
              88.4214453,
              22.6111744
            ],
            [
              88.4218299,
              22.6118561
            ],
            [
              88.4238002,
              22.616923
            ],
            [
              88.4238763,
              22.617222
            ],
            [
              88.423917,
              22.6181024
            ],
            [
              88.4239064,
              22.6183523
            ],
            [
              88.4235655,
              22.6193176
            ],
            [
              88.4235793,
              22.6195213
            ],
            [
              88.4237561,
              22.6201117
            ],
            [
              88.4217756,
              22.621533
            ],
            [
              88.4209792,
              22.6232927
            ],
            [
              88.421739,
              22.6251779
            ],
            [
              88.4221101,
              22.6255608
            ],
            [
              88.4223424,
              22.6256922
            ],
            [
              88.4235583,
              22.6263803
            ],
            [
              88.4246626,
              22.6276852
            ],
            [
              88.4249569,
              22.6285846
            ],
            [
              88.4250244,
              22.6286965
            ],
            [
              88.4251112,
              22.6287682
            ],
            [
              88.4252864,
              22.62884
            ],
            [
              88.4254891,
              22.6288582
            ],
            [
              88.4255927,
              22.6289201
            ],
            [
              88.4256612,
              22.628989
            ],
            [
              88.4261152,
              22.6295923
            ],
            [
              88.4264565,
              22.6298032
            ],
            [
              88.426781,
              22.629965
            ],
            [
              88.4274285,
              22.6302378
            ],
            [
              88.4276357,
              22.6303348
            ],
            [
              88.4277119,
              22.6304051
            ],
            [
              88.4277698,
              22.6305007
            ],
            [
              88.4278688,
              22.6307496
            ],
            [
              88.4278947,
              22.6307946
            ],
            [
              88.4279618,
              22.6308804
            ],
            [
              88.4280197,
              22.6309226
            ],
            [
              88.4281994,
              22.631066
            ],
            [
              88.4286016,
              22.631412
            ],
            [
              88.4289627,
              22.6319716
            ],
            [
              88.4290922,
              22.6322402
            ],
            [
              88.4299382,
              22.6332637
            ],
            [
              88.4300597,
              22.6336606
            ],
            [
              88.4295707,
              22.6341586
            ],
            [
              88.4294646,
              22.6341962
            ],
            [
              88.4290991,
              22.6351643
            ],
            [
              88.4296707,
              22.6355338
            ],
            [
              88.4339173,
              22.6366332
            ],
            [
              88.4343369,
              22.6366173
            ],
            [
              88.4345019,
              22.6358028
            ],
            [
              88.4353495,
              22.6359749
            ],
            [
              88.4362681,
              22.6360999
            ],
            [
              88.4365377,
              22.6361717
            ],
            [
              88.4369092,
              22.6363648
            ],
            [
              88.4376972,
              22.6366288
            ],
            [
              88.441544,
              22.6382078
            ],
            [
              88.4414501,
              22.6365641
            ],
            [
              88.4414689,
              22.6364539
            ],
            [
              88.4415454,
              22.6363227
            ],
            [
              88.4416124,
              22.6362769
            ],
            [
              88.4417841,
              22.6361011
            ],
            [
              88.4418699,
              22.6359415
            ],
            [
              88.4419182,
              22.6357273
            ],
            [
              88.4418766,
              22.6354884
            ],
            [
              88.4418015,
              22.6352768
            ],
            [
              88.4416701,
              22.6350725
            ],
            [
              88.4415239,
              22.6349054
            ],
            [
              88.4413375,
              22.6346083
            ],
            [
              88.4412369,
              22.6343781
            ],
            [
              88.441202,
              22.6341714
            ],
            [
              88.4411859,
              22.6338954
            ],
            [
              88.4411739,
              22.633597
            ],
            [
              88.4411859,
              22.6334695
            ],
            [
              88.4412114,
              22.6333569
            ],
            [
              88.4412557,
              22.6332616
            ],
            [
              88.4413026,
              22.6331972
            ],
            [
              88.4413818,
              22.6331093
            ],
            [
              88.4414649,
              22.6330611
            ],
            [
              88.4415561,
              22.6330301
            ],
            [
              88.4416352,
              22.633019
            ],
            [
              88.4418203,
              22.6330462
            ],
            [
              88.4438373,
              22.6334844
            ],
            [
              88.4439822,
              22.6334918
            ],
            [
              88.4441189,
              22.6334844
            ],
            [
              88.4445414,
              22.6334423
            ],
            [
              88.4447144,
              22.6334324
            ],
            [
              88.4449156,
              22.633451
            ],
            [
              88.4452468,
              22.633498
            ],
            [
              88.4453769,
              22.6335104
            ],
            [
              88.4456304,
              22.6335153
            ],
            [
              88.4463023,
              22.6335191
            ],
            [
              88.4466416,
              22.6335079
            ],
            [
              88.4467904,
              22.6334856
            ],
            [
              88.4469286,
              22.6334559
            ],
            [
              88.447064,
              22.6334064
            ],
            [
              88.4472477,
              22.6333445
            ],
            [
              88.4473993,
              22.6332913
            ],
            [
              88.4475562,
              22.6332604
            ],
            [
              88.4477158,
              22.6332628
            ],
            [
              88.4478714,
              22.6332913
            ],
            [
              88.4479867,
              22.633394
            ],
            [
              88.4480377,
              22.633472
            ],
            [
              88.4481275,
              22.6339127
            ],
            [
              88.449191,
              22.6415164
            ],
            [
              88.4502813,
              22.6420028
            ],
            [
              88.4518169,
              22.6414864
            ],
            [
              88.4536184,
              22.6429743
            ],
            [
              88.4535014,
              22.6436159
            ],
            [
              88.4536111,
              22.6438073
            ],
            [
              88.4544227,
              22.6444832
            ],
            [
              88.4552112,
              22.6448385
            ],
            [
              88.4552541,
              22.6449895
            ],
            [
              88.4565308,
              22.6460571
            ],
            [
              88.4561354,
              22.6466788
            ],
            [
              88.4560044,
              22.6471138
            ],
            [
              88.4558496,
              22.6480404
            ],
            [
              88.4557351,
              22.6482221
            ],
            [
              88.4554727,
              22.6484105
            ],
            [
              88.4550597,
              22.6476023
            ],
            [
              88.4543516,
              22.6478684
            ],
            [
              88.4540994,
              22.6473906
            ],
            [
              88.4531137,
              22.6469685
            ],
            [
              88.4516177,
              22.6476796
            ],
            [
              88.4503344,
              22.6466945
            ],
            [
              88.4501898,
              22.6468386
            ],
            [
              88.4504195,
              22.651957
            ],
            [
              88.4508249,
              22.656259
            ],
            [
              88.4510055,
              22.658069
            ],
            [
              88.4367656,
              22.6730259
            ],
            [
              88.4389114,
              22.6772233
            ],
            [
              88.4439754,
              22.6827669
            ],
            [
              88.4471511,
              22.6843507
            ],
            [
              88.450756,
              22.6852218
            ]
          ]
        ]
      },
      "id": "relation/10372172"
    },
    {
      "type": "Feature",
      "properties": {
        "@id": "relation/10372370",
        "admin_level": "6",
        "boundary": "administrative",
        "name": "Bhangar - II",
        "ref:LGD:subdistrict": "2419",
        "type": "boundary",
        "wikidata": "Q4901010",
        "wikipedia": "en:Bhangar II"
      },
      "geometry": {
        "type": "Polygon",
        "coordinates": [
          [
            [
              88.4742736,
              22.5145393
            ],
            [
              88.4764838,
              22.5167196
            ],
            [
              88.4792303,
              22.5181072
            ],
            [
              88.4819502,
              22.5190685
            ],
            [
              88.484509,
              22.518345
            ],
            [
              88.4916972,
              22.5157286
            ],
            [
              88.4972762,
              22.5137464
            ],
            [
              88.502941,
              22.5129535
            ],
            [
              88.5078334,
              22.5123192
            ],
            [
              88.5132407,
              22.5122399
            ],
            [
              88.5185622,
              22.5127949
            ],
            [
              88.5214805,
              22.5150943
            ],
            [
              88.5231971,
              22.5182658
            ],
            [
              88.5278319,
              22.5190587
            ],
            [
              88.5327243,
              22.5179486
            ],
            [
              88.5337543,
              22.5143807
            ],
            [
              88.535385,
              22.5107334
            ],
            [
              88.5376166,
              22.506848
            ],
            [
              88.5387324,
              22.5044692
            ],
            [
              88.5412215,
              22.5042313
            ],
            [
              88.5467147,
              22.5022489
            ],
            [
              88.5505771,
              22.5039142
            ],
            [
              88.5517787,
              22.5072445
            ],
            [
              88.5508346,
              22.5111298
            ],
            [
              88.5497188,
              22.5146978
            ],
            [
              88.5487746,
              22.5187415
            ],
            [
              88.5490321,
              22.5204858
            ],
            [
              88.5511779,
              22.5169179
            ],
            [
              88.5548686,
              22.5117641
            ],
            [
              88.5579585,
              22.5078788
            ],
            [
              88.5614776,
              22.5059758
            ],
            [
              88.5652541,
              22.5052622
            ],
            [
              88.5687732,
              22.5053415
            ],
            [
              88.5734939,
              22.5063723
            ],
            [
              88.5762405,
              22.5064516
            ],
            [
              88.5821628,
              22.5070859
            ],
            [
              88.5910033,
              22.5101783
            ],
            [
              88.5970115,
              22.5130328
            ],
            [
              88.6077403,
              22.5176315
            ],
            [
              88.6188983,
              22.5219922
            ],
            [
              88.6245631,
              22.523895
            ],
            [
              88.6285972,
              22.5257978
            ],
            [
              88.6344337,
              22.5292069
            ],
            [
              88.6423511,
              22.5348386
            ],
            [
              88.6421859,
              22.5351547
            ],
            [
              88.6415686,
              22.5356109
            ],
            [
              88.6412236,
              22.5365049
            ],
            [
              88.6411265,
              22.5370963
            ],
            [
              88.6407912,
              22.538004
            ],
            [
              88.6402517,
              22.5386452
            ],
            [
              88.6396976,
              22.5388259
            ],
            [
              88.6394206,
              22.5392819
            ],
            [
              88.6391777,
              22.5398869
            ],
            [
              88.6387062,
              22.5404469
            ],
            [
              88.6384778,
              22.5409617
            ],
            [
              88.6383709,
              22.5414764
            ],
            [
              88.6375884,
              22.541946
            ],
            [
              88.63718,
              22.5422034
            ],
            [
              88.6369225,
              22.5426594
            ],
            [
              88.6369186,
              22.5427607
            ],
            [
              88.636903,
              22.5431607
            ],
            [
              88.6364802,
              22.5432961
            ],
            [
              88.636068,
              22.543399
            ],
            [
              88.6355032,
              22.54354
            ],
            [
              88.635193,
              22.5437063
            ],
            [
              88.6350968,
              22.5437579
            ],
            [
              88.6349977,
              22.543811
            ],
            [
              88.6343937,
              22.5440139
            ],
            [
              88.6343123,
              22.5440413
            ],
            [
              88.6340012,
              22.5442805
            ],
            [
              88.6339077,
              22.5444696
            ],
            [
              88.6335638,
              22.5451655
            ],
            [
              88.6331083,
              22.5455407
            ],
            [
              88.6328866,
              22.5457233
            ],
            [
              88.6328785,
              22.54573
            ],
            [
              88.6328524,
              22.5457444
            ],
            [
              88.6321941,
              22.54611
            ],
            [
              88.6316341,
              22.5464209
            ],
            [
              88.6303699,
              22.5471936
            ],
            [
              88.6300397,
              22.5473954
            ],
            [
              88.6299425,
              22.5474549
            ],
            [
              88.629437,
              22.5479199
            ],
            [
              88.6294839,
              22.548195
            ],
            [
              88.6296217,
              22.5490036
            ],
            [
              88.6302294,
              22.5506246
            ],
            [
              88.6300982,
              22.5516585
            ],
            [
              88.6302294,
              22.5521281
            ],
            [
              88.6305745,
              22.55225
            ],
            [
              88.6305503,
              22.5526202
            ],
            [
              88.6301808,
              22.5533472
            ],
            [
              88.6299913,
              22.5540832
            ],
            [
              88.6301809,
              22.5554378
            ],
            [
              88.6306816,
              22.5563453
            ],
            [
              88.6308129,
              22.5571309
            ],
            [
              88.6306181,
              22.5577959
            ],
            [
              88.6306039,
              22.5578443
            ],
            [
              88.6302831,
              22.558192
            ],
            [
              88.6297532,
              22.5583365
            ],
            [
              88.6289608,
              22.558314
            ],
            [
              88.6282218,
              22.558043
            ],
            [
              88.6268461,
              22.5585849
            ],
            [
              88.6261023,
              22.559077
            ],
            [
              88.6261801,
              22.5604045
            ],
            [
              88.6259176,
              22.5611179
            ],
            [
              88.6254946,
              22.562355
            ],
            [
              88.6253099,
              22.5625988
            ],
            [
              88.6248043,
              22.5622783
            ],
            [
              88.624357,
              22.5621338
            ],
            [
              88.6238982,
              22.5623139
            ],
            [
              88.6236667,
              22.5624048
            ],
            [
              88.6235364,
              22.5625479
            ],
            [
              88.623375,
              22.5627252
            ],
            [
              88.623482,
              22.5633123
            ],
            [
              88.6237033,
              22.5640072
            ],
            [
              88.6238271,
              22.5643959
            ],
            [
              88.6238271,
              22.5649107
            ],
            [
              88.6237298,
              22.5650689
            ],
            [
              88.6236132,
              22.5652583
            ],
            [
              88.623268,
              22.5657731
            ],
            [
              88.6234819,
              22.5661433
            ],
            [
              88.6238131,
              22.5660974
            ],
            [
              88.6240361,
              22.5660666
            ],
            [
              88.624237,
              22.5661199
            ],
            [
              88.6245125,
              22.566193
            ],
            [
              88.6246547,
              22.5666706
            ],
            [
              88.6248043,
              22.5671727
            ],
            [
              88.6252564,
              22.5675702
            ],
            [
              88.6255189,
              22.5680848
            ],
            [
              88.6255481,
              22.5687486
            ],
            [
              88.6252807,
              22.5699767
            ],
            [
              88.6253098,
              22.5717512
            ],
            [
              88.6258349,
              22.5723382
            ],
            [
              88.6259616,
              22.5726098
            ],
            [
              88.6263405,
              22.5734218
            ],
            [
              88.6270552,
              22.5752685
            ],
            [
              88.6271114,
              22.5757809
            ],
            [
              88.627133,
              22.5759774
            ],
            [
              88.6268997,
              22.5763341
            ],
            [
              88.6256841,
              22.5771965
            ],
            [
              88.6253389,
              22.5775893
            ],
            [
              88.625125,
              22.5784021
            ],
            [
              88.6249402,
              22.5789665
            ],
            [
              88.6236956,
              22.579138
            ],
            [
              88.623117,
              22.5793593
            ],
            [
              88.6229322,
              22.5795579
            ],
            [
              88.6229322,
              22.5797294
            ],
            [
              88.6232725,
              22.5801494
            ],
            [
              88.6233017,
              22.5805061
            ],
            [
              88.6234621,
              22.5806551
            ],
            [
              88.6238559,
              22.5807048
            ],
            [
              88.6232874,
              22.5814096
            ],
            [
              88.6228251,
              22.5819826
            ],
            [
              88.6225869,
              22.5822761
            ],
            [
              88.6220326,
              22.5822535
            ],
            [
              88.6212109,
              22.5823753
            ],
            [
              88.6198883,
              22.5827951
            ],
            [
              88.6198057,
              22.5824521
            ],
            [
              88.6198057,
              22.5822114
            ],
            [
              88.6198057,
              22.5820095
            ],
            [
              88.6198583,
              22.5819552
            ],
            [
              88.6200197,
              22.5817883
            ],
            [
              88.6207879,
              22.5816619
            ],
            [
              88.6212887,
              22.5814903
            ],
            [
              88.6214249,
              22.5811969
            ],
            [
              88.6210505,
              22.581075
            ],
            [
              88.6205497,
              22.581075
            ],
            [
              88.6204184,
              22.5809756
            ],
            [
              88.6201801,
              22.5807544
            ],
            [
              88.6197115,
              22.5807765
            ],
            [
              88.6197037,
              22.5807769
            ],
            [
              88.6184298,
              22.5811471
            ],
            [
              88.6181921,
              22.5811297
            ],
            [
              88.6180603,
              22.58112
            ],
            [
              88.6179533,
              22.5808536
            ],
            [
              88.617715,
              22.5807271
            ],
            [
              88.617506,
              22.5810477
            ],
            [
              88.6174392,
              22.5812937
            ],
            [
              88.6173455,
              22.5816392
            ],
            [
              88.616869,
              22.5819101
            ],
            [
              88.6152645,
              22.5819325
            ],
            [
              88.6133585,
              22.5817338
            ],
            [
              88.6129064,
              22.5818556
            ],
            [
              88.6127459,
              22.5821039
            ],
            [
              88.6127749,
              22.5830386
            ],
            [
              88.6127992,
              22.5835307
            ],
            [
              88.6123761,
              22.5836526
            ],
            [
              88.6119774,
              22.5839235
            ],
            [
              88.6121911,
              22.5863075
            ],
            [
              88.6125605,
              22.5876847
            ],
            [
              88.6122979,
              22.5883258
            ],
            [
              88.6121665,
              22.5892243
            ],
            [
              88.6116451,
              22.5897897
            ],
            [
              88.6115295,
              22.589915
            ],
            [
              88.6114516,
              22.5902808
            ],
            [
              88.6116364,
              22.5908949
            ],
            [
              88.6115293,
              22.5912922
            ],
            [
              88.6110771,
              22.5915631
            ],
            [
              88.6103137,
              22.5916849
            ],
            [
              88.6097757,
              22.5916615
            ],
            [
              88.6094587,
              22.5916477
            ],
            [
              88.609171,
              22.5916351
            ],
            [
              88.6082714,
              22.591486
            ],
            [
              88.6079906,
              22.5913212
            ],
            [
              88.6077722,
              22.591193
            ],
            [
              88.6074789,
              22.5910209
            ],
            [
              88.6070559,
              22.5910208
            ],
            [
              88.6068467,
              22.591215
            ],
            [
              88.6067106,
              22.5913969
            ],
            [
              88.6065712,
              22.5915833
            ],
            [
              88.6062388,
              22.5920276
            ],
            [
              88.6050231,
              22.592321
            ],
            [
              88.6048187,
              22.592345
            ],
            [
              88.6035643,
              22.5924923
            ],
            [
              88.602975,
              22.5922822
            ],
            [
              88.6026648,
              22.5921716
            ],
            [
              88.6013422,
              22.5922978
            ],
            [
              88.6005204,
              22.5924195
            ],
            [
              88.6000437,
              22.5931555
            ],
            [
              88.6000075,
              22.5933485
            ],
            [
              88.5997858,
              22.594528
            ],
            [
              88.5997847,
              22.5945379
            ],
            [
              88.5997578,
              22.594791
            ],
            [
              88.599726,
              22.5950907
            ],
            [
              88.5996835,
              22.5954898
            ],
            [
              88.5992846,
              22.5960541
            ],
            [
              88.5988056,
              22.59609
            ],
            [
              88.5986233,
              22.5961037
            ],
            [
              88.5970624,
              22.5961531
            ],
            [
              88.5962257,
              22.5962242
            ],
            [
              88.596041,
              22.5962399
            ],
            [
              88.5950491,
              22.5963243
            ],
            [
              88.5946907,
              22.5963899
            ],
            [
              88.5926372,
              22.5967662
            ],
            [
              88.5913145,
              22.5968879
            ],
            [
              88.5908678,
              22.5971092
            ],
            [
              88.5908136,
              22.597136
            ],
            [
              88.590653,
              22.5974295
            ],
            [
              88.5909155,
              22.5980934
            ],
            [
              88.591318,
              22.5988267
            ],
            [
              88.5913996,
              22.5989752
            ],
            [
              88.5916591,
              22.599448
            ],
            [
              88.5917944,
              22.5998799
            ],
            [
              88.5920284,
              22.6006266
            ],
            [
              88.5921297,
              22.6013009
            ],
            [
              88.5923149,
              22.6025321
            ],
            [
              88.5923438,
              22.6030738
            ],
            [
              88.5919205,
              22.6039362
            ],
            [
              88.5919202,
              22.6039426
            ],
            [
              88.5918535,
              22.6052548
            ],
            [
              88.5917593,
              22.6071058
            ],
            [
              88.591828,
              22.6072917
            ],
            [
              88.5920509,
              22.607896
            ],
            [
              88.5926785,
              22.6086063
            ],
            [
              88.5928968,
              22.6088534
            ],
            [
              88.5932453,
              22.6089216
            ],
            [
              88.5932664,
              22.6089257
            ],
            [
              88.5940349,
              22.6086098
            ],
            [
              88.5943558,
              22.6086596
            ],
            [
              88.5944578,
              22.6090253
            ],
            [
              88.5943021,
              22.609373
            ],
            [
              88.5940637,
              22.609716
            ],
            [
              88.594326,
              22.6114138
            ],
            [
              88.5943014,
              22.6125696
            ],
            [
              88.5939803,
              22.6133778
            ],
            [
              88.5937224,
              22.6136938
            ],
            [
              88.5932502,
              22.6139073
            ],
            [
              88.5925843,
              22.6142083
            ],
            [
              88.5919442,
              22.6144405
            ],
            [
              88.5907555,
              22.6148716
            ],
            [
              88.5897243,
              22.6155352
            ],
            [
              88.5893782,
              22.6155782
            ],
            [
              88.5893255,
              22.6155847
            ],
            [
              88.5888091,
              22.615361
            ],
            [
              88.5885329,
              22.6152414
            ],
            [
              88.5868424,
              22.6152409
            ],
            [
              88.5866799,
              22.6152409
            ],
            [
              88.5860721,
              22.6149698
            ],
            [
              88.5851434,
              22.6141072
            ],
            [
              88.5841798,
              22.6130781
            ],
            [
              88.5837141,
              22.6125807
            ],
            [
              88.5829313,
              22.6120703
            ],
            [
              88.5819781,
              22.6120701
            ],
            [
              88.5807057,
              22.6125536
            ],
            [
              88.5801736,
              22.6127558
            ],
            [
              88.5785587,
              22.6135681
            ],
            [
              88.5777194,
              22.6141172
            ],
            [
              88.5775032,
              22.6142586
            ],
            [
              88.576681,
              22.6151433
            ],
            [
              88.5764133,
              22.615685
            ],
            [
              88.5759894,
              22.6177484
            ],
            [
              88.5753812,
              22.6186828
            ],
            [
              88.5744859,
              22.6195404
            ],
            [
              88.5734012,
              22.6200322
            ],
            [
              88.5699039,
              22.621065
            ],
            [
              88.5683424,
              22.6217507
            ],
            [
              88.5668952,
              22.6226734
            ],
            [
              88.5661483,
              22.6231496
            ],
            [
              88.56501,
              22.6236684
            ],
            [
              88.5633709,
              22.623889
            ],
            [
              88.5622861,
              22.6243807
            ],
            [
              88.5608267,
              22.6248226
            ],
            [
              88.559742,
              22.625066
            ],
            [
              88.5597575,
              22.6246472
            ],
            [
              88.5597666,
              22.6244023
            ],
            [
              88.5597142,
              22.6222891
            ],
            [
              88.5596292,
              22.6220315
            ],
            [
              88.559583,
              22.6218918
            ],
            [
              88.559383,
              22.6218389
            ],
            [
              88.5586591,
              22.6216476
            ],
            [
              88.5582847,
              22.6214487
            ],
            [
              88.5582365,
              22.6206134
            ],
            [
              88.5583389,
              22.6199994
            ],
            [
              88.5588449,
              22.6196564
            ],
            [
              88.5595064,
              22.6196071
            ],
            [
              88.5598761,
              22.6194357
            ],
            [
              88.5602216,
              22.6190159
            ],
            [
              88.5600612,
              22.6187223
            ],
            [
              88.5599545,
              22.6183295
            ],
            [
              88.5597989,
              22.6181533
            ],
            [
              88.5591373,
              22.6183517
            ],
            [
              88.559059,
              22.6183453
            ],
            [
              88.5585246,
              22.6183017
            ],
            [
              88.5575812,
              22.6181072
            ],
            [
              88.556944,
              22.6183282
            ],
            [
              88.5564966,
              22.6182061
            ],
            [
              88.5554362,
              22.6184585
            ],
            [
              88.5549889,
              22.6182867
            ],
            [
              88.5549838,
              22.6182484
            ],
            [
              88.5549409,
              22.6179288
            ],
            [
              88.5549065,
              22.6176726
            ],
            [
              88.5548553,
              22.6176143
            ],
            [
              88.5546683,
              22.6174016
            ],
            [
              88.5538755,
              22.6175954
            ],
            [
              88.553399,
              22.6174235
            ],
            [
              88.5534235,
              22.6171526
            ],
            [
              88.554085,
              22.6168098
            ],
            [
              88.5542215,
              22.6161958
            ],
            [
              88.5540376,
              22.614647
            ],
            [
              88.5539427,
              22.6143342
            ],
            [
              88.5538675,
              22.6140862
            ],
            [
              88.5536637,
              22.6134142
            ],
            [
              88.5533721,
              22.6129987
            ],
            [
              88.5532265,
              22.6129575
            ],
            [
              88.5527644,
              22.6128269
            ],
            [
              88.5525553,
              22.6126281
            ],
            [
              88.5524196,
              22.6117431
            ],
            [
              88.5518658,
              22.6107449
            ],
            [
              88.5516588,
              22.6102582
            ],
            [
              88.551636,
              22.6102045
            ],
            [
              88.5515731,
              22.6100565
            ],
            [
              88.5509672,
              22.6086314
            ],
            [
              88.5507334,
              22.6083592
            ],
            [
              88.5505444,
              22.6081391
            ],
            [
              88.5497517,
              22.6081116
            ],
            [
              88.5481855,
              22.6086301
            ],
            [
              88.5471297,
              22.6095145
            ],
            [
              88.5467844,
              22.6095641
            ],
            [
              88.5465171,
              22.6093156
            ],
            [
              88.5460905,
              22.6083788
            ],
            [
              88.5457789,
              22.6076943
            ],
            [
              88.5449041,
              22.6066824
            ],
            [
              88.5447654,
              22.6064323
            ],
            [
              88.5440053,
              22.6050611
            ],
            [
              88.5439868,
              22.6047296
            ],
            [
              88.5439524,
              22.6041128
            ],
            [
              88.5441909,
              22.6037697
            ],
            [
              88.5451928,
              22.6036213
            ],
            [
              88.5456209,
              22.6033731
            ],
            [
              88.5458305,
              22.6025379
            ],
            [
              88.545648,
              22.6015082
            ],
            [
              88.5454864,
              22.6005962
            ],
            [
              88.5455693,
              22.6001267
            ],
            [
              88.5459925,
              22.5999553
            ],
            [
              88.5465469,
              22.5997118
            ],
            [
              88.5470243,
              22.5983349
            ],
            [
              88.5477354,
              22.5964254
            ],
            [
              88.5481345,
              22.5957844
            ],
            [
              88.5492413,
              22.595411
            ],
            [
              88.5495109,
              22.59532
            ],
            [
              88.5502552,
              22.5945573
            ],
            [
              88.550513,
              22.5944323
            ],
            [
              88.5514177,
              22.5939935
            ],
            [
              88.5521329,
              22.5933301
            ],
            [
              88.5530861,
              22.5930325
            ],
            [
              88.5534023,
              22.5926895
            ],
            [
              88.5533782,
              22.5921747
            ],
            [
              88.5532713,
              22.5919534
            ],
            [
              88.5531403,
              22.5916825
            ],
            [
              88.5527174,
              22.591461
            ],
            [
              88.5505435,
              22.5920245
            ],
            [
              88.5490651,
              22.5923443
            ],
            [
              88.5482476,
              22.5926749
            ],
            [
              88.5480389,
              22.5927592
            ],
            [
              88.5478477,
              22.5928213
            ],
            [
              88.5472753,
              22.5930071
            ],
            [
              88.5470858,
              22.592858
            ],
            [
              88.5471688,
              22.5921718
            ],
            [
              88.5470865,
              22.5916299
            ],
            [
              88.5468107,
              22.5914455
            ],
            [
              88.5465323,
              22.5912594
            ],
            [
              88.5460029,
              22.5904239
            ],
            [
              88.545687,
              22.5900535
            ],
            [
              88.5449189,
              22.5897144
            ],
            [
              88.5445495,
              22.5893936
            ],
            [
              88.5443652,
              22.5886847
            ],
            [
              88.5445263,
              22.5876507
            ],
            [
              88.5444734,
              22.5866665
            ],
            [
              88.5439147,
              22.5858805
            ],
            [
              88.5429912,
              22.5853111
            ],
            [
              88.5419848,
              22.5852158
            ],
            [
              88.5413479,
              22.5852154
            ],
            [
              88.5412993,
              22.5849265
            ],
            [
              88.5416695,
              22.5840416
            ],
            [
              88.5416701,
              22.5830574
            ],
            [
              88.5419114,
              22.5824982
            ],
            [
              88.5421473,
              22.5819514
            ],
            [
              88.5420939,
              22.5816308
            ],
            [
              88.541778,
              22.581459
            ],
            [
              88.5413895,
              22.5815035
            ],
            [
              88.5407179,
              22.5815803
            ],
            [
              88.5403728,
              22.5815305
            ],
            [
              88.5403486,
              22.5813589
            ],
            [
              88.5409325,
              22.5805962
            ],
            [
              88.5409763,
              22.5802581
            ],
            [
              88.5409863,
              22.5801809
            ],
            [
              88.5406947,
              22.5799323
            ],
            [
              88.5403738,
              22.5799592
            ],
            [
              88.5400332,
              22.5802797
            ],
            [
              88.5396635,
              22.5806
            ],
            [
              88.5392649,
              22.5804508
            ],
            [
              88.5384437,
              22.5796376
            ],
            [
              88.5383499,
              22.5794935
            ],
            [
              88.5379969,
              22.578951
            ],
            [
              88.5380218,
              22.5779262
            ],
            [
              88.5382074,
              22.5765717
            ],
            [
              88.5384755,
              22.575443
            ],
            [
              88.5379703,
              22.5748016
            ],
            [
              88.5374941,
              22.5745575
            ],
            [
              88.5365412,
              22.5744576
            ],
            [
              88.535588,
              22.5747777
            ],
            [
              88.5350874,
              22.5745562
            ],
            [
              88.5336834,
              22.5728576
            ],
            [
              88.5317013,
              22.5706485
            ],
            [
              88.5311368,
              22.5701307
            ],
            [
              88.5299036,
              22.5689995
            ],
            [
              88.5277981,
              22.5675614
            ],
            [
              88.5275761,
              22.5674098
            ],
            [
              88.5274156,
              22.5673002
            ],
            [
              88.5260036,
              22.566366
            ],
            [
              88.5245875,
              22.5654291
            ],
            [
              88.5236595,
              22.5647513
            ],
            [
              88.5235581,
              22.5641196
            ],
            [
              88.523553,
              22.5640875
            ],
            [
              88.5234876,
              22.5638977
            ],
            [
              88.5229974,
              22.563058
            ],
            [
              88.5226357,
              22.5624383
            ],
            [
              88.5224456,
              22.5620508
            ],
            [
              88.5220062,
              22.5611549
            ],
            [
              88.5219422,
              22.5605671
            ],
            [
              88.5219122,
              22.5602925
            ],
            [
              88.5222662,
              22.5595604
            ],
            [
              88.5228323,
              22.5584947
            ],
            [
              88.5228669,
              22.5584295
            ],
            [
              88.5227815,
              22.5581098
            ],
            [
              88.5226051,
              22.5574496
            ],
            [
              88.5224455,
              22.5563387
            ],
            [
              88.5225081,
              22.5560344
            ],
            [
              88.5225821,
              22.555675
            ],
            [
              88.5233216,
              22.5549892
            ],
            [
              88.5244938,
              22.5540012
            ],
            [
              88.5254426,
              22.5527781
            ],
            [
              88.5253602,
              22.5524801
            ],
            [
              88.5249047,
              22.552206
            ],
            [
              88.5237228,
              22.5514948
            ],
            [
              88.5222505,
              22.5506901
            ],
            [
              88.521493,
              22.5504124
            ],
            [
              88.5210637,
              22.550255
            ],
            [
              88.5198935,
              22.5498261
            ],
            [
              88.5194997,
              22.5497807
            ],
            [
              88.5194954,
              22.54979
            ],
            [
              88.5191249,
              22.5505887
            ],
            [
              88.518755,
              22.5511574
            ],
            [
              88.5182542,
              22.5513286
            ],
            [
              88.5169031,
              22.5509349
            ],
            [
              88.5166163,
              22.5509031
            ],
            [
              88.5164846,
              22.5515667
            ],
            [
              88.5161638,
              22.5514942
            ],
            [
              88.5143742,
              22.5515181
            ],
            [
              88.5142339,
              22.55152
            ],
            [
              88.5126197,
              22.551862
            ],
            [
              88.5121429,
              22.5523041
            ],
            [
              88.5120985,
              22.5529495
            ],
            [
              88.5120888,
              22.5530898
            ],
            [
              88.5115048,
              22.5539743
            ],
            [
              88.5116887,
              22.5549317
            ],
            [
              88.5118193,
              22.5556723
            ],
            [
              88.5122172,
              22.5565575
            ],
            [
              88.5122162,
              22.5577405
            ],
            [
              88.5118996,
              22.5585259
            ],
            [
              88.5116856,
              22.5586748
            ],
            [
              88.5110394,
              22.5582454
            ],
            [
              88.5104954,
              22.5576625
            ],
            [
              88.5099413,
              22.5575673
            ],
            [
              88.5098975,
              22.5575925
            ],
            [
              88.5095182,
              22.5578108
            ],
            [
              88.5088131,
              22.5586811
            ],
            [
              88.5087834,
              22.5587179
            ],
            [
              88.508545,
              22.5588396
            ],
            [
              88.5078554,
              22.5580038
            ],
            [
              88.5070345,
              22.5573123
            ],
            [
              88.5061891,
              22.5568195
            ],
            [
              88.5052603,
              22.5570401
            ],
            [
              88.5044971,
              22.5570891
            ],
            [
              88.5039819,
              22.5569308
            ],
            [
              88.5037293,
              22.5567229
            ],
            [
              88.5037979,
              22.5562036
            ],
            [
              88.5036764,
              22.556032
            ],
            [
              88.5034527,
              22.5560589
            ],
            [
              88.5027335,
              22.5564197
            ],
            [
              88.501916,
              22.5568298
            ],
            [
              88.5014687,
              22.5568791
            ],
            [
              88.5010605,
              22.5567072
            ],
            [
              88.4999975,
              22.5561111
            ],
            [
              88.4983739,
              22.5559633
            ],
            [
              88.4969249,
              22.5558314
            ],
            [
              88.4967233,
              22.5558131
            ],
            [
              88.4959818,
              22.5552345
            ],
            [
              88.4954927,
              22.554853
            ],
            [
              88.4944155,
              22.5546471
            ],
            [
              88.4933714,
              22.5548188
            ],
            [
              88.4930289,
              22.5553886
            ],
            [
              88.4930449,
              22.5568727
            ],
            [
              88.4931983,
              22.5576269
            ],
            [
              88.4930844,
              22.5578438
            ],
            [
              88.4917216,
              22.5580994
            ],
            [
              88.4902385,
              22.5579782
            ],
            [
              88.4894573,
              22.5582823
            ],
            [
              88.4885927,
              22.558938
            ],
            [
              88.4879277,
              22.5592409
            ],
            [
              88.48604,
              22.5593124
            ],
            [
              88.4847939,
              22.5596207
            ],
            [
              88.4841898,
              22.560193
            ],
            [
              88.4834796,
              22.5617107
            ],
            [
              88.4831772,
              22.5633057
            ],
            [
              88.4832328,
              22.5634832
            ],
            [
              88.4835108,
              22.5643694
            ],
            [
              88.4833605,
              22.564656
            ],
            [
              88.4831976,
              22.5649664
            ],
            [
              88.4828187,
              22.5648619
            ],
            [
              88.4822429,
              22.5653533
            ],
            [
              88.4817844,
              22.5659516
            ],
            [
              88.4818198,
              22.5665454
            ],
            [
              88.4817685,
              22.5671047
            ],
            [
              88.4817677,
              22.567113
            ],
            [
              88.4810132,
              22.567201
            ],
            [
              88.4802259,
              22.5669382
            ],
            [
              88.4802201,
              22.566936
            ],
            [
              88.4792631,
              22.566569
            ],
            [
              88.4788564,
              22.5665727
            ],
            [
              88.4785442,
              22.5672777
            ],
            [
              88.4777305,
              22.5672582
            ],
            [
              88.4772349,
              22.5671007
            ],
            [
              88.4767694,
              22.567051
            ],
            [
              88.4767731,
              22.567402
            ],
            [
              88.4768919,
              22.567644
            ],
            [
              88.476488,
              22.5679177
            ],
            [
              88.4761406,
              22.568029
            ],
            [
              88.4761301,
              22.568425
            ],
            [
              88.4761198,
              22.5688123
            ],
            [
              88.4759207,
              22.5692192
            ],
            [
              88.4757583,
              22.5693502
            ],
            [
              88.4753446,
              22.5696836
            ],
            [
              88.4748515,
              22.5697691
            ],
            [
              88.4747451,
              22.5706883
            ],
            [
              88.474779,
              22.571147
            ],
            [
              88.4741404,
              22.5712069
            ],
            [
              88.4738242,
              22.5715339
            ],
            [
              88.4738306,
              22.5721279
            ],
            [
              88.4736115,
              22.5724727
            ],
            [
              88.4732358,
              22.5726652
            ],
            [
              88.4731542,
              22.573179
            ],
            [
              88.4727792,
              22.5734525
            ],
            [
              88.4728403,
              22.573722
            ],
            [
              88.473222,
              22.5740966
            ],
            [
              88.4733144,
              22.5745818
            ],
            [
              88.4736063,
              22.5747142
            ],
            [
              88.4736912,
              22.5744973
            ],
            [
              88.4737684,
              22.5743997
            ],
            [
              88.4738632,
              22.5742797
            ],
            [
              88.4741552,
              22.5744121
            ],
            [
              88.4743908,
              22.574707
            ],
            [
              88.4745973,
              22.5750021
            ],
            [
              88.4746304,
              22.5753799
            ],
            [
              88.4746072,
              22.5754038
            ],
            [
              88.4739693,
              22.5760611
            ],
            [
              88.4731031,
              22.5765821
            ],
            [
              88.4727543,
              22.5763098
            ],
            [
              88.4724878,
              22.5761017
            ],
            [
              88.4723277,
              22.5755536
            ],
            [
              88.4723068,
              22.5754822
            ],
            [
              88.4722512,
              22.5753924
            ],
            [
              88.4719545,
              22.5749132
            ],
            [
              88.4719543,
              22.5749129
            ],
            [
              88.4718746,
              22.5747843
            ],
            [
              88.4715086,
              22.5741933
            ],
            [
              88.4707378,
              22.5737834
            ],
            [
              88.4703496,
              22.5735769
            ],
            [
              88.4703105,
              22.5735561
            ],
            [
              88.4698427,
              22.5732904
            ],
            [
              88.4689813,
              22.5735564
            ],
            [
              88.4683315,
              22.5737571
            ],
            [
              88.4682208,
              22.5737913
            ],
            [
              88.4674627,
              22.5738196
            ],
            [
              88.4672623,
              22.573827
            ],
            [
              88.4668506,
              22.5733717
            ],
            [
              88.4664128,
              22.5731867
            ],
            [
              88.4659447,
              22.5728939
            ],
            [
              88.4659398,
              22.5721211
            ],
            [
              88.4663699,
              22.5717361
            ],
            [
              88.466458,
              22.5716573
            ],
            [
              88.466483,
              22.571279
            ],
            [
              88.4659836,
              22.5707704
            ],
            [
              88.4659778,
              22.5707591
            ],
            [
              88.4657464,
              22.5703135
            ],
            [
              88.4657435,
              22.5700435
            ],
            [
              88.4662613,
              22.5695527
            ],
            [
              88.466383,
              22.5695382
            ],
            [
              88.4667547,
              22.5694941
            ],
            [
              88.4668695,
              22.5693581
            ],
            [
              88.4667786,
              22.5690078
            ],
            [
              88.4658728,
              22.5683509
            ],
            [
              88.4651974,
              22.567861
            ],
            [
              88.4649268,
              22.5669993
            ],
            [
              88.4648959,
              22.5663166
            ],
            [
              88.4648889,
              22.5661625
            ],
            [
              88.4644186,
              22.5656537
            ],
            [
              88.4643883,
              22.5656441
            ],
            [
              88.4643731,
              22.5656392
            ],
            [
              88.463923,
              22.5654962
            ],
            [
              88.4624487,
              22.5662117
            ],
            [
              88.4604795,
              22.5668508
            ],
            [
              88.4591215,
              22.567842
            ],
            [
              88.4588694,
              22.5680261
            ],
            [
              88.4584045,
              22.5680303
            ],
            [
              88.4584005,
              22.5680225
            ],
            [
              88.4582265,
              22.5676808
            ],
            [
              88.4609014,
              22.5650911
            ],
            [
              88.4628857,
              22.5631286
            ],
            [
              88.4658126,
              22.560088
            ],
            [
              88.4670243,
              22.5589848
            ],
            [
              88.467353,
              22.5586856
            ],
            [
              88.4701868,
              22.5561053
            ],
            [
              88.4721661,
              22.5542093
            ],
            [
              88.4736676,
              22.553363
            ],
            [
              88.4746498,
              22.5528093
            ],
            [
              88.4777094,
              22.5509179
            ],
            [
              88.4780554,
              22.5506716
            ],
            [
              88.4776392,
              22.5497843
            ],
            [
              88.4771862,
              22.5481681
            ],
            [
              88.47707,
              22.5456967
            ],
            [
              88.4773858,
              22.5421302
            ],
            [
              88.4777756,
              22.5377287
            ],
            [
              88.4777943,
              22.5375182
            ],
            [
              88.4785854,
              22.5354315
            ],
            [
              88.4801251,
              22.5327168
            ],
            [
              88.4811452,
              22.530502
            ],
            [
              88.4814,
              22.5298785
            ],
            [
              88.4821945,
              22.5281159
            ],
            [
              88.483249,
              22.5262158
            ],
            [
              88.4834392,
              22.5250328
            ],
            [
              88.4832517,
              22.5243639
            ],
            [
              88.483107,
              22.5238477
            ],
            [
              88.4825733,
              22.5228264
            ],
            [
              88.4818147,
              22.5225093
            ],
            [
              88.4814888,
              22.5219182
            ],
            [
              88.4816873,
              22.5214573
            ],
            [
              88.4815352,
              22.5208106
            ],
            [
              88.4808274,
              22.519501
            ],
            [
              88.4795981,
              22.5186212
            ],
            [
              88.4787802,
              22.5181429
            ],
            [
              88.4781949,
              22.5181228
            ],
            [
              88.4768622,
              22.5181062
            ],
            [
              88.4745405,
              22.5182895
            ],
            [
              88.4708042,
              22.5192959
            ],
            [
              88.4662327,
              22.5209849
            ],
            [
              88.4610776,
              22.5225633
            ],
            [
              88.4607889,
              22.5217837
            ],
            [
              88.4604913,
              22.5201568
            ],
            [
              88.4595693,
              22.5191441
            ],
            [
              88.4586092,
              22.5189572
            ],
            [
              88.456576,
              22.5189539
            ],
            [
              88.4558078,
              22.5188645
            ],
            [
              88.4557246,
              22.5188548
            ],
            [
              88.4557103,
              22.5188531
            ],
            [
              88.4557139,
              22.5188475
            ],
            [
              88.4559862,
              22.518416
            ],
            [
              88.4565906,
              22.5181065
            ],
            [
              88.4578736,
              22.5178437
            ],
            [
              88.4584708,
              22.5173645
            ],
            [
              88.4593391,
              22.5170765
            ],
            [
              88.461914,
              22.5166008
            ],
            [
              88.4652614,
              22.5158872
            ],
            [
              88.4704112,
              22.5152529
            ],
            [
              88.4742736,
              22.5145393
            ]
          ]
        ]
      },
      "id": "relation/10372370"
    },
    {
      "type": "Feature",
      "properties": {
        "@id": "relation/10372371",
        "admin_level": "6",
        "boundary": "administrative",
        "name": "Sonarpur",
        "ref:LGD:subdistrict": "2417",
        "type": "boundary",
        "wikidata": "Q7560812",
        "wikipedia": "en:Sonarpur (community development block)"
      },
      "geometry": {
        "type": "Polygon",
        "coordinates": [
          [
            [
              88.5396766,
              22.4195979
            ],
            [
              88.5421657,
              22.4220576
            ],
            [
              88.5436248,
              22.4259452
            ],
            [
              88.5442256,
              22.4299122
            ],
            [
              88.543024,
              22.433165
            ],
            [
              88.5392474,
              22.434117
            ],
            [
              88.5343551,
              22.435069
            ],
            [
              88.5302352,
              22.4361003
            ],
            [
              88.526802,
              22.437687
            ],
            [
              88.5240554,
              22.439829
            ],
            [
              88.5213088,
              22.4427642
            ],
            [
              88.5198497,
              22.4454614
            ],
            [
              88.5188197,
              22.4487932
            ],
            [
              88.5183047,
              22.4523628
            ],
            [
              88.5178756,
              22.4552978
            ],
            [
              88.5155582,
              22.4556151
            ],
            [
              88.5074042,
              22.4600571
            ],
            [
              88.4990787,
              22.464023
            ],
            [
              88.4944438,
              22.4674337
            ],
            [
              88.4905814,
              22.4713201
            ],
            [
              88.4880065,
              22.4758409
            ],
            [
              88.482685,
              22.4832959
            ],
            [
              88.4785651,
              22.49535
            ],
            [
              88.477106,
              22.5028833
            ],
            [
              88.4753894,
              22.5111298
            ],
            [
              88.4742736,
              22.5145393
            ],
            [
              88.4704112,
              22.5152529
            ],
            [
              88.4652614,
              22.5158872
            ],
            [
              88.461914,
              22.5166008
            ],
            [
              88.4593391,
              22.5170765
            ],
            [
              88.4584708,
              22.5173645
            ],
            [
              88.4584761,
              22.5173602
            ],
            [
              88.4583061,
              22.5167534
            ],
            [
              88.4577486,
              22.51638
            ],
            [
              88.4567058,
              22.5156815
            ],
            [
              88.4560253,
              22.5151681
            ],
            [
              88.4558905,
              22.5150664
            ],
            [
              88.455498,
              22.5137829
            ],
            [
              88.4552195,
              22.5131848
            ],
            [
              88.4551406,
              22.512612
            ],
            [
              88.4550779,
              22.5116881
            ],
            [
              88.4549583,
              22.5109036
            ],
            [
              88.4546946,
              22.5097415
            ],
            [
              88.4546579,
              22.5095798
            ],
            [
              88.454289,
              22.5091635
            ],
            [
              88.4539573,
              22.5091431
            ],
            [
              88.4534286,
              22.509254
            ],
            [
              88.4525204,
              22.5093209
            ],
            [
              88.4521017,
              22.5092524
            ],
            [
              88.4507515,
              22.5088808
            ],
            [
              88.4500617,
              22.5088008
            ],
            [
              88.4494863,
              22.5087341
            ],
            [
              88.4492324,
              22.5086845
            ],
            [
              88.4484335,
              22.5085283
            ],
            [
              88.4484314,
              22.5085279
            ],
            [
              88.4484295,
              22.5085287
            ],
            [
              88.4478239,
              22.5088721
            ],
            [
              88.4462921,
              22.5098853
            ],
            [
              88.4451628,
              22.5112473
            ],
            [
              88.4442462,
              22.5117535
            ],
            [
              88.4434121,
              22.5112201
            ],
            [
              88.442421,
              22.5102948
            ],
            [
              88.4415364,
              22.5095833
            ],
            [
              88.4411264,
              22.5094203
            ],
            [
              88.4407293,
              22.5092624
            ],
            [
              88.4405744,
              22.5092008
            ],
            [
              88.4397361,
              22.5094907
            ],
            [
              88.4377558,
              22.512333
            ],
            [
              88.4370935,
              22.5130494
            ],
            [
              88.436528,
              22.5133651
            ],
            [
              88.4365095,
              22.5135349
            ],
            [
              88.4364853,
              22.5137566
            ],
            [
              88.4364874,
              22.5137637
            ],
            [
              88.436754,
              22.5146836
            ],
            [
              88.4368245,
              22.5149269
            ],
            [
              88.4368208,
              22.5149369
            ],
            [
              88.4365418,
              22.5156812
            ],
            [
              88.4365097,
              22.5157668
            ],
            [
              88.4357703,
              22.5165772
            ],
            [
              88.4350751,
              22.5171484
            ],
            [
              88.4339807,
              22.5175274
            ],
            [
              88.4328579,
              22.5174289
            ],
            [
              88.4325318,
              22.5173413
            ],
            [
              88.4316905,
              22.517382
            ],
            [
              88.4310775,
              22.5171902
            ],
            [
              88.4310438,
              22.5171796
            ],
            [
              88.4310349,
              22.5171838
            ],
            [
              88.4301255,
              22.5176053
            ],
            [
              88.429578,
              22.5177121
            ],
            [
              88.429076,
              22.5178101
            ],
            [
              88.4274827,
              22.5184335
            ],
            [
              88.4273477,
              22.5184863
            ],
            [
              88.4271441,
              22.518566
            ],
            [
              88.4267987,
              22.5190687
            ],
            [
              88.4267333,
              22.5195256
            ],
            [
              88.4265317,
              22.5196097
            ],
            [
              88.426361,
              22.519681
            ],
            [
              88.4262254,
              22.5201385
            ],
            [
              88.4259619,
              22.5202049
            ],
            [
              88.4256894,
              22.5202736
            ],
            [
              88.4254971,
              22.5204151
            ],
            [
              88.4254922,
              22.5204188
            ],
            [
              88.4250014,
              22.52078
            ],
            [
              88.4244908,
              22.5210771
            ],
            [
              88.4240399,
              22.5213395
            ],
            [
              88.4233155,
              22.5222852
            ],
            [
              88.4228853,
              22.5227614
            ],
            [
              88.4221799,
              22.523542
            ],
            [
              88.4219841,
              22.5236112
            ],
            [
              88.4211087,
              22.5239208
            ],
            [
              88.420547,
              22.5238389
            ],
            [
              88.4200512,
              22.5233435
            ],
            [
              88.4200452,
              22.5227591
            ],
            [
              88.420045,
              22.5227352
            ],
            [
              88.4201199,
              22.5209312
            ],
            [
              88.4201128,
              22.5202368
            ],
            [
              88.4201126,
              22.5202129
            ],
            [
              88.4201042,
              22.5193876
            ],
            [
              88.4201039,
              22.5193637
            ],
            [
              88.4200995,
              22.5189346
            ],
            [
              88.4200993,
              22.5189107
            ],
            [
              88.4201011,
              22.5185759
            ],
            [
              88.4201073,
              22.5174347
            ],
            [
              88.4201074,
              22.5174114
            ],
            [
              88.4196575,
              22.5167113
            ],
            [
              88.4193812,
              22.5163586
            ],
            [
              88.4189472,
              22.5158049
            ],
            [
              88.418947,
              22.5158049
            ],
            [
              88.4179184,
              22.5157488
            ],
            [
              88.417241,
              22.5157765
            ],
            [
              88.4171976,
              22.5157483
            ],
            [
              88.416747,
              22.515455
            ],
            [
              88.4163368,
              22.5141983
            ],
            [
              88.4159872,
              22.5119852
            ],
            [
              88.4156852,
              22.5096828
            ],
            [
              88.4156835,
              22.5096698
            ],
            [
              88.4159168,
              22.5079262
            ],
            [
              88.4159658,
              22.5075597
            ],
            [
              88.4159693,
              22.5075121
            ],
            [
              88.4160467,
              22.5064689
            ],
            [
              88.416048,
              22.5064509
            ],
            [
              88.4159205,
              22.505973
            ],
            [
              88.4158176,
              22.5055873
            ],
            [
              88.4158051,
              22.5055405
            ],
            [
              88.4150506,
              22.5047245
            ],
            [
              88.4145379,
              22.5048592
            ],
            [
              88.4140165,
              22.5049385
            ],
            [
              88.4139313,
              22.5049514
            ],
            [
              88.4137656,
              22.5047358
            ],
            [
              88.4137591,
              22.504105
            ],
            [
              88.4137589,
              22.5040811
            ],
            [
              88.4137557,
              22.503761
            ],
            [
              88.4137554,
              22.5037371
            ],
            [
              88.4136942,
              22.5036939
            ],
            [
              88.4132496,
              22.5033804
            ],
            [
              88.4130871,
              22.5032657
            ],
            [
              88.4130257,
              22.5032224
            ],
            [
              88.4124553,
              22.503023
            ],
            [
              88.4115718,
              22.5027141
            ],
            [
              88.410632,
              22.5022012
            ],
            [
              88.4102835,
              22.5017568
            ],
            [
              88.4102769,
              22.5017484
            ],
            [
              88.4109779,
              22.5000445
            ],
            [
              88.4111489,
              22.499607
            ],
            [
              88.4111541,
              22.4995936
            ],
            [
              88.4107442,
              22.4988085
            ],
            [
              88.410692,
              22.4987084
            ],
            [
              88.4106874,
              22.4986997
            ],
            [
              88.4107283,
              22.4985547
            ],
            [
              88.4108185,
              22.4982346
            ],
            [
              88.411131,
              22.4979898
            ],
            [
              88.4111586,
              22.4979682
            ],
            [
              88.4111588,
              22.4979682
            ],
            [
              88.4112359,
              22.4979886
            ],
            [
              88.412077,
              22.4982118
            ],
            [
              88.4127234,
              22.4983094
            ],
            [
              88.4127348,
              22.4983085
            ],
            [
              88.4128268,
              22.4981797
            ],
            [
              88.4132042,
              22.4976516
            ],
            [
              88.4132498,
              22.4962274
            ],
            [
              88.4132524,
              22.4961476
            ],
            [
              88.4132525,
              22.4961435
            ],
            [
              88.4132351,
              22.4952168
            ],
            [
              88.4132278,
              22.4948296
            ],
            [
              88.4127889,
              22.4944527
            ],
            [
              88.4125182,
              22.4942202
            ],
            [
              88.4116046,
              22.4939269
            ],
            [
              88.4112246,
              22.4939106
            ],
            [
              88.4105551,
              22.493882
            ],
            [
              88.409039,
              22.4938552
            ],
            [
              88.4082573,
              22.4935004
            ],
            [
              88.4079651,
              22.4933678
            ],
            [
              88.4071778,
              22.4927629
            ],
            [
              88.4070823,
              22.4926173
            ],
            [
              88.4064438,
              22.4916433
            ],
            [
              88.4063153,
              22.4908841
            ],
            [
              88.4063124,
              22.4908667
            ],
            [
              88.4063458,
              22.4907864
            ],
            [
              88.4065701,
              22.4902471
            ],
            [
              88.4066767,
              22.4899906
            ],
            [
              88.407148,
              22.4899138
            ],
            [
              88.4083288,
              22.4901574
            ],
            [
              88.4085609,
              22.4902241
            ],
            [
              88.409427,
              22.4904732
            ],
            [
              88.4105251,
              22.4907168
            ],
            [
              88.4111035,
              22.4910824
            ],
            [
              88.4120996,
              22.4912267
            ],
            [
              88.412702,
              22.4910595
            ],
            [
              88.4127966,
              22.4910309
            ],
            [
              88.4131054,
              22.4909374
            ],
            [
              88.4137466,
              22.4907432
            ],
            [
              88.4140443,
              22.4905941
            ],
            [
              88.4143782,
              22.4904269
            ],
            [
              88.4147181,
              22.4894741
            ],
            [
              88.4147188,
              22.4894735
            ],
            [
              88.4151893,
              22.4890632
            ],
            [
              88.4160249,
              22.488625
            ],
            [
              88.4162165,
              22.4882423
            ],
            [
              88.4165452,
              22.4875858
            ],
            [
              88.4165494,
              22.4875773
            ],
            [
              88.4164846,
              22.4873558
            ],
            [
              88.4163645,
              22.4869453
            ],
            [
              88.4160608,
              22.4865397
            ],
            [
              88.4160535,
              22.4865299
            ],
            [
              88.4163657,
              22.4859081
            ],
            [
              88.4166022,
              22.4854371
            ],
            [
              88.4170427,
              22.4845244
            ],
            [
              88.417049,
              22.4845114
            ],
            [
              88.4164911,
              22.4835814
            ],
            [
              88.4164559,
              22.4835227
            ],
            [
              88.4158296,
              22.4828397
            ],
            [
              88.4157025,
              22.4827011
            ],
            [
              88.4150759,
              22.4820739
            ],
            [
              88.4150756,
              22.4820737
            ],
            [
              88.4150776,
              22.4811057
            ],
            [
              88.4150799,
              22.4799594
            ],
            [
              88.4150799,
              22.4799379
            ],
            [
              88.414924,
              22.4786466
            ],
            [
              88.4144769,
              22.4777933
            ],
            [
              88.4138743,
              22.4773329
            ],
            [
              88.4135137,
              22.4773531
            ],
            [
              88.4129851,
              22.4773828
            ],
            [
              88.4122679,
              22.4779129
            ],
            [
              88.4122274,
              22.4779429
            ],
            [
              88.4114161,
              22.4782816
            ],
            [
              88.4102647,
              22.478598
            ],
            [
              88.4086906,
              22.478964
            ],
            [
              88.4078237,
              22.4788473
            ],
            [
              88.4070057,
              22.4787371
            ],
            [
              88.4068831,
              22.4787206
            ],
            [
              88.4067424,
              22.4786076
            ],
            [
              88.4063097,
              22.4782601
            ],
            [
              88.4060716,
              22.4777003
            ],
            [
              88.4062026,
              22.4768694
            ],
            [
              88.4060178,
              22.4759212
            ],
            [
              88.4055755,
              22.4750228
            ],
            [
              88.4047737,
              22.4744089
            ],
            [
              88.4034472,
              22.4739485
            ],
            [
              88.4029203,
              22.4739496
            ],
            [
              88.4010229,
              22.4739534
            ],
            [
              88.4007068,
              22.4739271
            ],
            [
              88.4001581,
              22.4738814
            ],
            [
              88.3991571,
              22.4728565
            ],
            [
              88.3983456,
              22.4720078
            ],
            [
              88.3981367,
              22.4719085
            ],
            [
              88.3978828,
              22.4721713
            ],
            [
              88.3976656,
              22.4723962
            ],
            [
              88.3970889,
              22.4730978
            ],
            [
              88.3967207,
              22.4735457
            ],
            [
              88.3964074,
              22.473927
            ],
            [
              88.3960267,
              22.4736495
            ],
            [
              88.3959118,
              22.4735658
            ],
            [
              88.3954405,
              22.4727125
            ],
            [
              88.3963586,
              22.472297
            ],
            [
              88.3966607,
              22.4720038
            ],
            [
              88.3967106,
              22.4719553
            ],
            [
              88.3969075,
              22.4717642
            ],
            [
              88.3964636,
              22.4713417
            ],
            [
              88.3957025,
              22.4706174
            ],
            [
              88.3953965,
              22.4701414
            ],
            [
              88.3950934,
              22.46967
            ],
            [
              88.3950465,
              22.469597
            ],
            [
              88.3947076,
              22.4690346
            ],
            [
              88.3943419,
              22.4684277
            ],
            [
              88.3938615,
              22.4679464
            ],
            [
              88.3934722,
              22.4675563
            ],
            [
              88.3923986,
              22.4678725
            ],
            [
              88.3916116,
              22.4678726
            ],
            [
              88.3909285,
              22.4674313
            ],
            [
              88.3905913,
              22.4672134
            ],
            [
              88.3889687,
              22.4669697
            ],
            [
              88.3875549,
              22.4660939
            ],
            [
              88.3856698,
              22.4655115
            ],
            [
              88.3842027,
              22.4651729
            ],
            [
              88.3838491,
              22.4651585
            ],
            [
              88.3829204,
              22.4651208
            ],
            [
              88.3823178,
              22.4650962
            ],
            [
              88.3814288,
              22.4656833
            ],
            [
              88.3805397,
              22.4658052
            ],
            [
              88.3801364,
              22.4655676
            ],
            [
              88.3795438,
              22.4652183
            ],
            [
              88.3787034,
              22.4652183
            ],
            [
              88.3786642,
              22.4652309
            ],
            [
              88.37779,
              22.4655118
            ],
            [
              88.377552,
              22.4653177
            ],
            [
              88.3777808,
              22.4650657
            ],
            [
              88.3785236,
              22.4642475
            ],
            [
              88.379568,
              22.4633941
            ],
            [
              88.3808943,
              22.4614074
            ],
            [
              88.3823953,
              22.4601837
            ],
            [
              88.382711,
              22.4594296
            ],
            [
              88.3825381,
              22.4591664
            ],
            [
              88.382473,
              22.4590639
            ],
            [
              88.3822601,
              22.4589513
            ],
            [
              88.3820552,
              22.4588427
            ],
            [
              88.3811419,
              22.4587975
            ],
            [
              88.3805396,
              22.4585041
            ],
            [
              88.3807192,
              22.4579938
            ],
            [
              88.3802238,
              22.4566302
            ],
            [
              88.3799371,
              22.4560704
            ],
            [
              88.3794425,
              22.4561142
            ],
            [
              88.379121,
              22.4561426
            ],
            [
              88.3786789,
              22.455804
            ],
            [
              88.3776831,
              22.4556911
            ],
            [
              88.3774572,
              22.4556518
            ],
            [
              88.3765949,
              22.4555015
            ],
            [
              88.3765425,
              22.4555319
            ],
            [
              88.3756136,
              22.4560704
            ],
            [
              88.3751038,
              22.4566779
            ],
            [
              88.3748559,
              22.4569734
            ],
            [
              88.374007,
              22.4553883
            ],
            [
              88.3732189,
              22.4539166
            ],
            [
              88.3720288,
              22.4520292
            ],
            [
              88.3715041,
              22.4521059
            ],
            [
              88.3705224,
              22.4521208
            ],
            [
              88.3700129,
              22.4521285
            ],
            [
              88.369976,
              22.4521537
            ],
            [
              88.3689101,
              22.4528824
            ],
            [
              88.3691238,
              22.45393
            ],
            [
              88.3691813,
              22.4540297
            ],
            [
              88.3698815,
              22.455244
            ],
            [
              88.3699186,
              22.4553916
            ],
            [
              88.3701681,
              22.4563864
            ],
            [
              88.3698815,
              22.4567024
            ],
            [
              88.3693569,
              22.4569733
            ],
            [
              88.3692501,
              22.4569577
            ],
            [
              88.3686767,
              22.4568739
            ],
            [
              88.3679675,
              22.4557044
            ],
            [
              88.3666074,
              22.4550225
            ],
            [
              88.3653008,
              22.4541465
            ],
            [
              88.3650846,
              22.4541507
            ],
            [
              88.3638872,
              22.4541735
            ],
            [
              88.3628379,
              22.4546385
            ],
            [
              88.3619732,
              22.4552931
            ],
            [
              88.3617107,
              22.4562413
            ],
            [
              88.3616293,
              22.456321
            ],
            [
              88.3611618,
              22.4567785
            ],
            [
              88.3611674,
              22.4567963
            ],
            [
              88.3613463,
              22.457361
            ],
            [
              88.3615616,
              22.457523
            ],
            [
              88.3620785,
              22.4579119
            ],
            [
              88.3622886,
              22.45807
            ],
            [
              88.3622853,
              22.4580912
            ],
            [
              88.3621817,
              22.4587473
            ],
            [
              88.3621457,
              22.4587845
            ],
            [
              88.3619194,
              22.4590182
            ],
            [
              88.3610546,
              22.4597225
            ],
            [
              88.3596165,
              22.4608421
            ],
            [
              88.3595095,
              22.461718
            ],
            [
              88.3595124,
              22.4617205
            ],
            [
              88.3602186,
              22.4623277
            ],
            [
              88.3602127,
              22.4623463
            ],
            [
              88.3600875,
              22.4627386
            ],
            [
              88.3597474,
              22.4628875
            ],
            [
              88.3597434,
              22.4628876
            ],
            [
              88.359282,
              22.4628975
            ],
            [
              88.358698,
              22.46291
            ],
            [
              88.3586572,
              22.4628824
            ],
            [
              88.358018,
              22.4624494
            ],
            [
              88.3574934,
              22.4615959
            ],
            [
              88.3567891,
              22.4612301
            ],
            [
              88.3559314,
              22.4612434
            ],
            [
              88.3550597,
              22.461257
            ],
            [
              88.3548443,
              22.46121
            ],
            [
              88.3542728,
              22.4610853
            ],
            [
              88.3525729,
              22.4585068
            ],
            [
              88.3514378,
              22.4576266
            ],
            [
              88.3513197,
              22.4575315
            ],
            [
              88.3508098,
              22.4571211
            ],
            [
              88.350562,
              22.4569216
            ],
            [
              88.3489639,
              22.4565331
            ],
            [
              88.3481769,
              22.4565555
            ],
            [
              88.3481193,
              22.4565621
            ],
            [
              88.3471033,
              22.4566772
            ],
            [
              88.3462712,
              22.4567107
            ],
            [
              88.3458744,
              22.4567267
            ],
            [
              88.3457967,
              22.4567814
            ],
            [
              88.345252,
              22.457165
            ],
            [
              88.3446694,
              22.4575753
            ],
            [
              88.3443,
              22.4585731
            ],
            [
              88.3441686,
              22.4594762
            ],
            [
              88.344171,
              22.4594857
            ],
            [
              88.3443531,
              22.4602303
            ],
            [
              88.34435,
              22.4602407
            ],
            [
              88.3441683,
              22.4608623
            ],
            [
              88.344172,
              22.4608742
            ],
            [
              88.3441778,
              22.4608925
            ],
            [
              88.3444062,
              22.4616165
            ],
            [
              88.3443995,
              22.4616185
            ],
            [
              88.3438572,
              22.4617833
            ],
            [
              88.3428661,
              22.4621263
            ],
            [
              88.3426521,
              22.4627359
            ],
            [
              88.3418699,
              22.4631466
            ],
            [
              88.3412941,
              22.4631946
            ],
            [
              88.3410052,
              22.4632186
            ],
            [
              88.3404903,
              22.4627205
            ],
            [
              88.3404029,
              22.462636
            ],
            [
              88.3399355,
              22.4624504
            ],
            [
              88.339174,
              22.4621481
            ],
            [
              88.3374154,
              22.4621974
            ],
            [
              88.3363952,
              22.4621746
            ],
            [
              88.3367727,
              22.461009
            ],
            [
              88.3395193,
              22.4584708
            ],
            [
              88.3395861,
              22.4561748
            ],
            [
              88.3414809,
              22.4550531
            ],
            [
              88.3414457,
              22.4522791
            ],
            [
              88.3432469,
              22.4506985
            ],
            [
              88.3421495,
              22.4493015
            ],
            [
              88.3425992,
              22.4484661
            ],
            [
              88.3433303,
              22.447804
            ],
            [
              88.3450125,
              22.442923
            ],
            [
              88.3456991,
              22.4345137
            ],
            [
              88.3426092,
              22.4307056
            ],
            [
              88.3489608,
              22.4312609
            ],
            [
              88.3508491,
              22.4305072
            ],
            [
              88.3510208,
              22.4270956
            ],
            [
              88.3502141,
              22.4217009
            ],
            [
              88.3529139,
              22.421681
            ],
            [
              88.3538717,
              22.4210625
            ],
            [
              88.3527128,
              22.4161314
            ],
            [
              88.3534471,
              22.4139904
            ],
            [
              88.3527328,
              22.4117518
            ],
            [
              88.3544924,
              22.4066208
            ],
            [
              88.3549083,
              22.4066178
            ],
            [
              88.3553521,
              22.4070837
            ],
            [
              88.3560262,
              22.4069836
            ],
            [
              88.3570095,
              22.4055067
            ],
            [
              88.3578171,
              22.405391
            ],
            [
              88.3584109,
              22.4083154
            ],
            [
              88.3580961,
              22.4115685
            ],
            [
              88.3599567,
              22.4125372
            ],
            [
              88.3599468,
              22.4130862
            ],
            [
              88.3587422,
              22.41428
            ],
            [
              88.3596547,
              22.4159157
            ],
            [
              88.3605524,
              22.4158321
            ],
            [
              88.3614934,
              22.4151102
            ],
            [
              88.3614921,
              22.4116634
            ],
            [
              88.3626079,
              22.4074579
            ],
            [
              88.364067,
              22.4057122
            ],
            [
              88.3667277,
              22.4080133
            ],
            [
              88.3673286,
              22.4122188
            ],
            [
              88.3709334,
              22.4141231
            ],
            [
              88.3733367,
              22.4127742
            ],
            [
              88.3724784,
              22.4101558
            ],
            [
              88.3704185,
              22.4071405
            ],
            [
              88.3687018,
              22.4046806
            ],
            [
              88.3698176,
              22.3999194
            ],
            [
              88.3728217,
              22.3961897
            ],
            [
              88.3756541,
              22.393809
            ],
            [
              88.3779716,
              22.3917457
            ],
            [
              88.3793449,
              22.3881745
            ],
            [
              88.3773707,
              22.385873
            ],
            [
              88.3744525,
              22.3830159
            ],
            [
              88.3756541,
              22.3819048
            ],
            [
              88.3774566,
              22.3809524
            ],
            [
              88.3782291,
              22.3786508
            ],
            [
              88.3772849,
              22.3757142
            ],
            [
              88.3770274,
              22.3733331
            ],
            [
              88.3772849,
              22.3708727
            ],
            [
              88.3779716,
              22.3677771
            ],
            [
              88.3784007,
              22.3648403
            ],
            [
              88.3820914,
              22.3661897
            ],
            [
              88.3833789,
              22.3657134
            ],
            [
              88.3878421,
              22.3665072
            ],
            [
              88.3900737,
              22.3661897
            ],
            [
              88.390932,
              22.3650784
            ],
            [
              88.3932494,
              22.3666659
            ],
            [
              88.3958243,
              22.3676184
            ],
            [
              88.3993434,
              22.3680153
            ],
            [
              88.4030341,
              22.3718251
            ],
            [
              88.4036349,
              22.375238
            ],
            [
              88.4045791,
              22.3788095
            ],
            [
              88.4074115,
              22.3792064
            ],
            [
              88.4101581,
              22.3798413
            ],
            [
              88.4121322,
              22.3805556
            ],
            [
              88.413763,
              22.3819842
            ],
            [
              88.4141921,
              22.3838889
            ],
            [
              88.4150504,
              22.3884125
            ],
            [
              88.4154796,
              22.3901585
            ],
            [
              88.4182262,
              22.3889681
            ],
            [
              88.4232902,
              22.3885713
            ],
            [
              88.4256076,
              22.3876983
            ],
            [
              88.4283542,
              22.3884125
            ],
            [
              88.427925,
              22.3904759
            ],
            [
              88.42741,
              22.3933328
            ],
            [
              88.4268092,
              22.3956342
            ],
            [
              88.4268092,
              22.3981736
            ],
            [
              88.4292125,
              22.3993639
            ],
            [
              88.434019,
              22.4002368
            ],
            [
              88.4397697,
              22.4024587
            ],
            [
              88.4401988,
              22.4075372
            ],
            [
              88.4400272,
              22.4109493
            ],
            [
              88.4430312,
              22.4123775
            ],
            [
              88.4465503,
              22.4100764
            ],
            [
              88.4511851,
              22.4088862
            ],
            [
              88.4537601,
              22.4092036
            ],
            [
              88.4547042,
              22.4114253
            ],
            [
              88.4553908,
              22.4139645
            ],
            [
              88.4571933,
              22.4165829
            ],
            [
              88.4614848,
              22.4165829
            ],
            [
              88.4644031,
              22.4183284
            ],
            [
              88.4660338,
              22.4211848
            ],
            [
              88.4688663,
              22.417773
            ],
            [
              88.4708404,
              22.4147579
            ],
            [
              88.4716128,
              22.4111079
            ],
            [
              88.4758185,
              22.4108699
            ],
            [
              88.4783935,
              22.4106319
            ],
            [
              88.4807967,
              22.4084101
            ],
            [
              88.4832,
              22.4066644
            ],
            [
              88.4920405,
              22.4048393
            ],
            [
              88.4957313,
              22.4031729
            ],
            [
              88.5020263,
              22.3990872
            ],
            [
              88.5018663,
              22.3979816
            ],
            [
              88.5019281,
              22.3975255
            ],
            [
              88.501743,
              22.397565
            ],
            [
              88.5014315,
              22.3971061
            ],
            [
              88.5012258,
              22.3971389
            ],
            [
              88.5010419,
              22.3966068
            ],
            [
              88.5009394,
              22.3965758
            ],
            [
              88.501195,
              22.3963125
            ],
            [
              88.5016222,
              22.396203
            ],
            [
              88.501513,
              22.3957116
            ],
            [
              88.5018473,
              22.3956693
            ],
            [
              88.5019769,
              22.3951373
            ],
            [
              88.5024444,
              22.3950566
            ],
            [
              88.5025318,
              22.3940161
            ],
            [
              88.504486,
              22.3919837
            ],
            [
              88.5072326,
              22.3946819
            ],
            [
              88.5076617,
              22.3985704
            ],
            [
              88.5098075,
              22.3999988
            ],
            [
              88.5127257,
              22.3990465
            ],
            [
              88.5154723,
              22.398491
            ],
            [
              88.5179614,
              22.3988085
            ],
            [
              88.5195922,
              22.4007923
            ],
            [
              88.5221671,
              22.403411
            ],
            [
              88.5243987,
              22.4031729
            ],
            [
              88.5265445,
              22.4027762
            ],
            [
              88.5289477,
              22.4029349
            ],
            [
              88.5299777,
              22.4044426
            ],
            [
              88.5310935,
              22.4071405
            ],
            [
              88.5320376,
              22.4091242
            ],
            [
              88.5316085,
              22.4115047
            ],
            [
              88.5302352,
              22.4144405
            ],
            [
              88.5299777,
              22.4159481
            ],
            [
              88.5312652,
              22.4185665
            ],
            [
              88.5334968,
              22.4224543
            ],
            [
              88.5356425,
              22.4244378
            ],
            [
              88.5382175,
              22.4251518
            ],
            [
              88.5383033,
              22.423327
            ],
            [
              88.5396766,
              22.4195979
            ]
          ]
        ]
      },
      "id": "relation/10372371"
    },
    {
      "type": "Feature",
      "properties": {
        "@id": "relation/10372372",
        "admin_level": "6",
        "boundary": "administrative",
        "name": "Thakurpukur Maheshtala",
        "ref:LGD:subdistrict": "2412",
        "type": "boundary",
        "wikidata": "Q7709441",
        "wikipedia": "en:Thakurpukur Maheshtala"
      },
      "geometry": {
        "type": "Polygon",
        "coordinates": [
          [
            [
              88.3426092,
              22.4307056
            ],
            [
              88.3456991,
              22.4345137
            ],
            [
              88.3450125,
              22.442923
            ],
            [
              88.3433303,
              22.447804
            ],
            [
              88.3425992,
              22.4484661
            ],
            [
              88.3421495,
              22.4493015
            ],
            [
              88.3432469,
              22.4506985
            ],
            [
              88.3414457,
              22.4522791
            ],
            [
              88.3414809,
              22.4550531
            ],
            [
              88.3395861,
              22.4561748
            ],
            [
              88.3395193,
              22.4584708
            ],
            [
              88.3367727,
              22.461009
            ],
            [
              88.3363952,
              22.4621746
            ],
            [
              88.3352439,
              22.4617814
            ],
            [
              88.3342276,
              22.461576
            ],
            [
              88.3341705,
              22.4615644
            ],
            [
              88.334105,
              22.4615911
            ],
            [
              88.3328352,
              22.4621078
            ],
            [
              88.3324408,
              22.4622683
            ],
            [
              88.3318914,
              22.4633157
            ],
            [
              88.3317794,
              22.4639033
            ],
            [
              88.3316822,
              22.4644128
            ],
            [
              88.3316852,
              22.4644223
            ],
            [
              88.33192,
              22.4651669
            ],
            [
              88.333751,
              22.46682
            ],
            [
              88.3337752,
              22.4671135
            ],
            [
              88.3337735,
              22.467114
            ],
            [
              88.3325703,
              22.4674293
            ],
            [
              88.3311857,
              22.4676727
            ],
            [
              88.3289604,
              22.4680378
            ],
            [
              88.3286723,
              22.4680327
            ],
            [
              88.3274156,
              22.4680102
            ],
            [
              88.3251372,
              22.4677928
            ],
            [
              88.3244485,
              22.4675976
            ],
            [
              88.3236702,
              22.467377
            ],
            [
              88.3224365,
              22.4666225
            ],
            [
              88.3210766,
              22.4656287
            ],
            [
              88.3209359,
              22.4651545
            ],
            [
              88.3207032,
              22.4638631
            ],
            [
              88.3201795,
              22.4616459
            ],
            [
              88.319783,
              22.4598201
            ],
            [
              88.3197431,
              22.4596365
            ],
            [
              88.319564,
              22.4581058
            ],
            [
              88.3189327,
              22.4575185
            ],
            [
              88.3175484,
              22.4571793
            ],
            [
              88.3160814,
              22.456935
            ],
            [
              88.3152879,
              22.4568701
            ],
            [
              88.3142501,
              22.4567853
            ],
            [
              88.3133563,
              22.4567849
            ],
            [
              88.3119962,
              22.4566173
            ],
            [
              88.3109761,
              22.4564679
            ],
            [
              88.3102959,
              22.4565896
            ],
            [
              88.3097093,
              22.4569755
            ],
            [
              88.3094796,
              22.4571265
            ],
            [
              88.3092909,
              22.457496
            ],
            [
              88.3085363,
              22.4589729
            ],
            [
              88.3073314,
              22.4593652
            ],
            [
              88.3062227,
              22.4590116
            ],
            [
              88.3055876,
              22.4588091
            ],
            [
              88.3047131,
              22.459039
            ],
            [
              88.3039945,
              22.45828
            ],
            [
              88.3039048,
              22.4575483
            ],
            [
              88.3038413,
              22.4570311
            ],
            [
              88.3038381,
              22.4570045
            ],
            [
              88.3036656,
              22.4555979
            ],
            [
              88.3026747,
              22.4554213
            ],
            [
              88.3002652,
              22.4554564
            ],
            [
              88.2985895,
              22.4550672
            ],
            [
              88.2962967,
              22.4550164
            ],
            [
              88.2951166,
              22.4549485
            ],
            [
              88.2946355,
              22.4549207
            ],
            [
              88.2933922,
              22.4552096
            ],
            [
              88.2925609,
              22.4554028
            ],
            [
              88.2923526,
              22.4554296
            ],
            [
              88.290846,
              22.4556232
            ],
            [
              88.2900412,
              22.4553276
            ],
            [
              88.2894538,
              22.4547853
            ],
            [
              88.289813,
              22.4534044
            ],
            [
              88.2896247,
              22.4530713
            ],
            [
              88.2889857,
              22.4536552
            ],
            [
              88.2884379,
              22.4539354
            ],
            [
              88.2878331,
              22.4538229
            ],
            [
              88.2876032,
              22.4536961
            ],
            [
              88.286296,
              22.4539007
            ],
            [
              88.287519,
              22.4569373
            ],
            [
              88.2885299,
              22.4604836
            ],
            [
              88.2889362,
              22.4629413
            ],
            [
              88.2890147,
              22.4643075
            ],
            [
              88.2886165,
              22.4662358
            ],
            [
              88.2857886,
              22.4703594
            ],
            [
              88.283837,
              22.4719849
            ],
            [
              88.2788844,
              22.4744643
            ],
            [
              88.2770503,
              22.4749766
            ],
            [
              88.2759923,
              22.4755765
            ],
            [
              88.2763765,
              22.4786484
            ],
            [
              88.2761723,
              22.4819441
            ],
            [
              88.2758145,
              22.4830747
            ],
            [
              88.2744684,
              22.483915
            ],
            [
              88.2738318,
              22.4855841
            ],
            [
              88.273213,
              22.4862241
            ],
            [
              88.2719432,
              22.4867896
            ],
            [
              88.2703619,
              22.4877708
            ],
            [
              88.2697103,
              22.4893715
            ],
            [
              88.2693255,
              22.4902399
            ],
            [
              88.2697997,
              22.4912318
            ],
            [
              88.270113,
              22.4915146
            ],
            [
              88.2707028,
              22.4915767
            ],
            [
              88.2712582,
              22.4917752
            ],
            [
              88.2720506,
              22.4918351
            ],
            [
              88.2723962,
              22.4915499
            ],
            [
              88.2726389,
              22.4911343
            ],
            [
              88.2727886,
              22.4902333
            ],
            [
              88.2730371,
              22.4897466
            ],
            [
              88.2733332,
              22.4892786
            ],
            [
              88.2737426,
              22.4890385
            ],
            [
              88.2738179,
              22.4889944
            ],
            [
              88.2742757,
              22.488726
            ],
            [
              88.275373,
              22.4886876
            ],
            [
              88.2772669,
              22.4882222
            ],
            [
              88.2784905,
              22.4878177
            ],
            [
              88.2803611,
              22.4864563
            ],
            [
              88.2807962,
              22.4859713
            ],
            [
              88.2812071,
              22.4855132
            ],
            [
              88.2815666,
              22.4856624
            ],
            [
              88.2824085,
              22.4858426
            ],
            [
              88.282582,
              22.4858797
            ],
            [
              88.2826456,
              22.4858557
            ],
            [
              88.2835005,
              22.4855325
            ],
            [
              88.2849683,
              22.4848065
            ],
            [
              88.2873788,
              22.483977
            ],
            [
              88.2890021,
              22.4832961
            ],
            [
              88.2907746,
              22.4828615
            ],
            [
              88.2917768,
              22.4826158
            ],
            [
              88.2942308,
              22.4820707
            ],
            [
              88.29511,
              22.4822653
            ],
            [
              88.2966996,
              22.4830674
            ],
            [
              88.2970627,
              22.4832506
            ],
            [
              88.298476,
              22.4842267
            ],
            [
              88.3003602,
              22.486029
            ],
            [
              88.3011976,
              22.4871103
            ],
            [
              88.3026184,
              22.4889452
            ],
            [
              88.3026618,
              22.4890012
            ],
            [
              88.3035551,
              22.4902659
            ],
            [
              88.3063099,
              22.4908157
            ],
            [
              88.3064119,
              22.4908361
            ],
            [
              88.3078162,
              22.4908366
            ],
            [
              88.3085219,
              22.4908497
            ],
            [
              88.3105615,
              22.4908875
            ],
            [
              88.310833,
              22.4919261
            ],
            [
              88.3110329,
              22.4921437
            ],
            [
              88.3113894,
              22.4925318
            ],
            [
              88.3114599,
              22.4926206
            ],
            [
              88.3114672,
              22.492932
            ],
            [
              88.3114782,
              22.4934042
            ],
            [
              88.3114971,
              22.4942127
            ],
            [
              88.311512,
              22.4948477
            ],
            [
              88.3114781,
              22.495354
            ],
            [
              88.3114043,
              22.4964551
            ],
            [
              88.3113002,
              22.4969752
            ],
            [
              88.3110925,
              22.4980127
            ],
            [
              88.310404,
              22.4982127
            ],
            [
              88.3102832,
              22.4982478
            ],
            [
              88.3094159,
              22.4984997
            ],
            [
              88.3078946,
              22.4991312
            ],
            [
              88.3071712,
              22.499994
            ],
            [
              88.305982,
              22.5039749
            ],
            [
              88.3057959,
              22.5067985
            ],
            [
              88.3055679,
              22.5073836
            ],
            [
              88.3055462,
              22.5074391
            ],
            [
              88.3053214,
              22.5080159
            ],
            [
              88.3052501,
              22.5080886
            ],
            [
              88.3041781,
              22.5091823
            ],
            [
              88.3029724,
              22.5101799
            ],
            [
              88.3023732,
              22.5110596
            ],
            [
              88.3018524,
              22.5138296
            ],
            [
              88.3014197,
              22.5146826
            ],
            [
              88.3013548,
              22.5148415
            ],
            [
              88.3012036,
              22.5153736
            ],
            [
              88.3006344,
              22.5162254
            ],
            [
              88.3003292,
              22.5163647
            ],
            [
              88.299122,
              22.5169155
            ],
            [
              88.2975432,
              22.516995
            ],
            [
              88.2964502,
              22.51705
            ],
            [
              88.2939626,
              22.5174089
            ],
            [
              88.2930179,
              22.5170776
            ],
            [
              88.2923923,
              22.5169486
            ],
            [
              88.2922265,
              22.5169145
            ],
            [
              88.2916511,
              22.5170885
            ],
            [
              88.2914788,
              22.5181631
            ],
            [
              88.2913953,
              22.5183585
            ],
            [
              88.2911517,
              22.5189284
            ],
            [
              88.2904607,
              22.5197529
            ],
            [
              88.2903152,
              22.5200795
            ],
            [
              88.2900441,
              22.5206882
            ],
            [
              88.290023,
              22.5209354
            ],
            [
              88.2899619,
              22.5216491
            ],
            [
              88.2901553,
              22.522967
            ],
            [
              88.2901564,
              22.522975
            ],
            [
              88.2901609,
              22.5234551
            ],
            [
              88.2906244,
              22.5242986
            ],
            [
              88.2908439,
              22.5250312
            ],
            [
              88.2902648,
              22.5257931
            ],
            [
              88.2900154,
              22.5261214
            ],
            [
              88.2898842,
              22.526294
            ],
            [
              88.2894317,
              22.5266365
            ],
            [
              88.2891958,
              22.527401
            ],
            [
              88.2895671,
              22.5281323
            ],
            [
              88.290855,
              22.5294212
            ],
            [
              88.291163,
              22.5298706
            ],
            [
              88.2907178,
              22.5310038
            ],
            [
              88.2908158,
              22.5317374
            ],
            [
              88.2908525,
              22.5319832
            ],
            [
              88.2909489,
              22.5326286
            ],
            [
              88.2913227,
              22.533614
            ],
            [
              88.2914405,
              22.534015
            ],
            [
              88.29168,
              22.5348302
            ],
            [
              88.2919188,
              22.5356427
            ],
            [
              88.2919335,
              22.5372242
            ],
            [
              88.2916114,
              22.5385259
            ],
            [
              88.2902553,
              22.539723
            ],
            [
              88.289256,
              22.54007
            ],
            [
              88.2882846,
              22.5401625
            ],
            [
              88.286674,
              22.5401188
            ],
            [
              88.2851883,
              22.5404414
            ],
            [
              88.2838568,
              22.5410168
            ],
            [
              88.2815012,
              22.5415062
            ],
            [
              88.2797518,
              22.5421878
            ],
            [
              88.2795032,
              22.5422847
            ],
            [
              88.2775652,
              22.5429779
            ],
            [
              88.2759137,
              22.5425948
            ],
            [
              88.2757992,
              22.5425683
            ],
            [
              88.2746931,
              22.5412214
            ],
            [
              88.2736176,
              22.5407123
            ],
            [
              88.2731673,
              22.5404991
            ],
            [
              88.2728734,
              22.5401412
            ],
            [
              88.2727987,
              22.5400502
            ],
            [
              88.2724886,
              22.5393748
            ],
            [
              88.2717019,
              22.539217
            ],
            [
              88.2712461,
              22.5391923
            ],
            [
              88.2708773,
              22.5387435
            ],
            [
              88.2707787,
              22.5379252
            ],
            [
              88.2703526,
              22.5378438
            ],
            [
              88.2691714,
              22.5382485
            ],
            [
              88.2686166,
              22.5381904
            ],
            [
              88.2681679,
              22.5381435
            ],
            [
              88.2677795,
              22.5379505
            ],
            [
              88.2673046,
              22.5377145
            ],
            [
              88.2671607,
              22.537643
            ],
            [
              88.2659754,
              22.5375959
            ],
            [
              88.2650582,
              22.5369535
            ],
            [
              88.2646835,
              22.535855
            ],
            [
              88.264247,
              22.5346158
            ],
            [
              88.263454,
              22.5342831
            ],
            [
              88.2623908,
              22.5342914
            ],
            [
              88.2610875,
              22.5346406
            ],
            [
              88.260855,
              22.5344297
            ],
            [
              88.2609693,
              22.533638
            ],
            [
              88.2607199,
              22.5329339
            ],
            [
              88.2602932,
              22.5327959
            ],
            [
              88.2601009,
              22.5329053
            ],
            [
              88.2596888,
              22.5331397
            ],
            [
              88.2586991,
              22.5345595
            ],
            [
              88.2584346,
              22.5350741
            ],
            [
              88.2580722,
              22.5357789
            ],
            [
              88.2574411,
              22.5365463
            ],
            [
              88.2568031,
              22.5365513
            ],
            [
              88.2561621,
              22.5362174
            ],
            [
              88.2556765,
              22.5362777
            ],
            [
              88.2556193,
              22.5366735
            ],
            [
              88.2558104,
              22.5370082
            ],
            [
              88.2560207,
              22.5373765
            ],
            [
              88.2564493,
              22.5377403
            ],
            [
              88.2573311,
              22.5378181
            ],
            [
              88.2581595,
              22.5387154
            ],
            [
              88.2585641,
              22.539803
            ],
            [
              88.2582999,
              22.5408219
            ],
            [
              88.258105,
              22.541124
            ],
            [
              88.2579704,
              22.5413328
            ],
            [
              88.2563359,
              22.5420233
            ],
            [
              88.2555494,
              22.5423967
            ],
            [
              88.2552746,
              22.5428431
            ],
            [
              88.2551302,
              22.5430778
            ],
            [
              88.2550181,
              22.5441236
            ],
            [
              88.2550899,
              22.5453375
            ],
            [
              88.2551274,
              22.546128
            ],
            [
              88.2544358,
              22.5469242
            ],
            [
              88.2535292,
              22.5474679
            ],
            [
              88.2512789,
              22.5465474
            ],
            [
              88.2499983,
              22.5451596
            ],
            [
              88.2473719,
              22.5468588
            ],
            [
              88.2468498,
              22.5471925
            ],
            [
              88.2464917,
              22.547376
            ],
            [
              88.2439161,
              22.5481211
            ],
            [
              88.2400273,
              22.549246
            ],
            [
              88.2391902,
              22.5491531
            ],
            [
              88.233628,
              22.5491642
            ],
            [
              88.2340979,
              22.5468456
            ],
            [
              88.2411759,
              22.5351695
            ],
            [
              88.2422026,
              22.5292787
            ],
            [
              88.2415435,
              22.5283735
            ],
            [
              88.239116,
              22.5250394
            ],
            [
              88.2310479,
              22.5199652
            ],
            [
              88.2111238,
              22.5176969
            ],
            [
              88.2092755,
              22.5166739
            ],
            [
              88.2043176,
              22.5139514
            ],
            [
              88.200343,
              22.5117689
            ],
            [
              88.1946557,
              22.5069617
            ],
            [
              88.192522,
              22.5049
            ],
            [
              88.197055,
              22.503538
            ],
            [
              88.1975369,
              22.503403
            ],
            [
              88.1980991,
              22.5034556
            ],
            [
              88.1983999,
              22.5028426
            ],
            [
              88.1992549,
              22.502067
            ],
            [
              88.2002651,
              22.5017306
            ],
            [
              88.2006068,
              22.5010489
            ],
            [
              88.1988613,
              22.4982577
            ],
            [
              88.198697,
              22.495908
            ],
            [
              88.1991418,
              22.4938819
            ],
            [
              88.1997869,
              22.4928351
            ],
            [
              88.1999175,
              22.491819
            ],
            [
              88.1990017,
              22.4903087
            ],
            [
              88.1990184,
              22.4899566
            ],
            [
              88.2007935,
              22.4890674
            ],
            [
              88.2015087,
              22.4877148
            ],
            [
              88.2057557,
              22.4861191
            ],
            [
              88.2071509,
              22.4863558
            ],
            [
              88.2077635,
              22.4868342
            ],
            [
              88.208218,
              22.4877763
            ],
            [
              88.2096872,
              22.488811
            ],
            [
              88.2098977,
              22.4893917
            ],
            [
              88.2096889,
              22.4900032
            ],
            [
              88.2097625,
              22.4905437
            ],
            [
              88.2100633,
              22.4914022
            ],
            [
              88.2112466,
              22.4914577
            ],
            [
              88.2118182,
              22.4912569
            ],
            [
              88.2126803,
              22.490688
            ],
            [
              88.2129229,
              22.4901596
            ],
            [
              88.2134009,
              22.4898415
            ],
            [
              88.2157511,
              22.4897918
            ],
            [
              88.2168243,
              22.4893495
            ],
            [
              88.2171777,
              22.4885894
            ],
            [
              88.217522,
              22.488367
            ],
            [
              88.2182173,
              22.4883732
            ],
            [
              88.2191933,
              22.488129
            ],
            [
              88.2198735,
              22.4887064
            ],
            [
              88.2208562,
              22.4886478
            ],
            [
              88.2216292,
              22.489157
            ],
            [
              88.2224222,
              22.4890553
            ],
            [
              88.2242092,
              22.4899499
            ],
            [
              88.2248845,
              22.489891
            ],
            [
              88.2263519,
              22.4889888
            ],
            [
              88.2264965,
              22.4870006
            ],
            [
              88.2283546,
              22.4861093
            ],
            [
              88.2303491,
              22.4858467
            ],
            [
              88.2320139,
              22.485272
            ],
            [
              88.2313324,
              22.4833272
            ],
            [
              88.2304199,
              22.479279
            ],
            [
              88.2295558,
              22.4781541
            ],
            [
              88.2282616,
              22.4773607
            ],
            [
              88.2276423,
              22.4764159
            ],
            [
              88.2273759,
              22.4751591
            ],
            [
              88.2273008,
              22.4732896
            ],
            [
              88.2275983,
              22.4710363
            ],
            [
              88.2223605,
              22.4625953
            ],
            [
              88.2199573,
              22.4568049
            ],
            [
              88.2189273,
              22.4531561
            ],
            [
              88.2172965,
              22.4483965
            ],
            [
              88.2217597,
              22.4487932
            ],
            [
              88.2253646,
              22.4494278
            ],
            [
              88.2284545,
              22.4495864
            ],
            [
              88.2318019,
              22.4487138
            ],
            [
              88.2338618,
              22.4495071
            ],
            [
              88.2357501,
              22.4518869
            ],
            [
              88.2358359,
              22.4485552
            ],
            [
              88.2350635,
              22.4453821
            ],
            [
              88.2360934,
              22.4436369
            ],
            [
              88.23987,
              22.4441128
            ],
            [
              88.2443332,
              22.4456201
            ],
            [
              88.2472514,
              22.4464134
            ],
            [
              88.2509421,
              22.4456201
            ],
            [
              88.2543754,
              22.4442715
            ],
            [
              88.2597827,
              22.437449
            ],
            [
              88.2615851,
              22.4332443
            ],
            [
              88.261671,
              22.4304675
            ],
            [
              88.2605552,
              22.4274527
            ],
            [
              88.2593536,
              22.4243584
            ],
            [
              88.256092,
              22.4204707
            ],
            [
              88.2543754,
              22.4179317
            ],
            [
              88.2506847,
              22.4107906
            ],
            [
              88.2556628,
              22.4065057
            ],
            [
              88.2604694,
              22.4055535
            ],
            [
              88.2636451,
              22.4092829
            ],
            [
              88.2643117,
              22.4106036
            ],
            [
              88.2648467,
              22.4116634
            ],
            [
              88.2674216,
              22.4150753
            ],
            [
              88.2669925,
              22.4183284
            ],
            [
              88.2669925,
              22.4211054
            ],
            [
              88.2693957,
              22.4236444
            ],
            [
              88.2730865,
              22.423327
            ],
            [
              88.2766914,
              22.4212641
            ],
            [
              88.2811545,
              22.4209468
            ],
            [
              88.2830428,
              22.4222162
            ],
            [
              88.2857036,
              22.4248345
            ],
            [
              88.2881927,
              22.4244378
            ],
            [
              88.2897376,
              22.4225336
            ],
            [
              88.2932567,
              22.4249138
            ],
            [
              88.2937717,
              22.4265006
            ],
            [
              88.2935142,
              22.4292775
            ],
            [
              88.29257,
              22.4323716
            ],
            [
              88.2923984,
              22.434831
            ],
            [
              88.2964323,
              22.4316577
            ],
            [
              88.3051871,
              22.4268974
            ],
            [
              88.3117102,
              22.4286428
            ],
            [
              88.317375,
              22.4273734
            ],
            [
              88.3232115,
              22.4275321
            ],
            [
              88.3252714,
              22.4313403
            ],
            [
              88.3312796,
              22.431499
            ],
            [
              88.3357428,
              22.4307056
            ],
            [
              88.3426092,
              22.4307056
            ]
          ]
        ]
      },
      "id": "relation/10372372"
    },
    {
      "type": "Feature",
      "properties": {
        "@id": "relation/21295711",
        "admin_level": "8",
        "boundary": "administrative",
        "name": "Maheshtala",
        "type": "boundary"
      },
      "geometry": {
        "type": "Polygon",
        "coordinates": [
          [
            [
              88.2685838,
              22.4885642
            ],
            [
              88.2685604,
              22.4886095
            ],
            [
              88.2687123,
              22.4889627
            ],
            [
              88.2682646,
              22.4893859
            ],
            [
              88.2685748,
              22.4895731
            ],
            [
              88.2690018,
              22.4896948
            ],
            [
              88.2701019,
              22.4895309
            ],
            [
              88.2741807,
              22.4883744
            ],
            [
              88.2776773,
              22.4873107
            ],
            [
              88.2827008,
              22.4861665
            ],
            [
              88.2849682,
              22.485709
            ],
            [
              88.2861976,
              22.485541
            ],
            [
              88.2862129,
              22.4857301
            ],
            [
              88.2859825,
              22.486099
            ],
            [
              88.2859878,
              22.4862756
            ],
            [
              88.2862657,
              22.486679
            ],
            [
              88.2863801,
              22.4871976
            ],
            [
              88.2865113,
              22.4872143
            ],
            [
              88.2867441,
              22.4880779
            ],
            [
              88.2869359,
              22.4880334
            ],
            [
              88.2870861,
              22.4884588
            ],
            [
              88.2872374,
              22.4891445
            ],
            [
              88.2874572,
              22.4891599
            ],
            [
              88.2875124,
              22.4895457
            ],
            [
              88.2875789,
              22.4896567
            ],
            [
              88.2876031,
              22.4899484
            ],
            [
              88.2881734,
              22.4900163
            ],
            [
              88.2881823,
              22.4901628
            ],
            [
              88.2883806,
              22.4905215
            ],
            [
              88.2885272,
              22.4906058
            ],
            [
              88.288512,
              22.4908463
            ],
            [
              88.2886326,
              22.4914495
            ],
            [
              88.2890681,
              22.4913606
            ],
            [
              88.289297,
              22.4917669
            ],
            [
              88.2902103,
              22.491488
            ],
            [
              88.2907635,
              22.4914569
            ],
            [
              88.2909132,
              22.4918929
            ],
            [
              88.2911143,
              22.4920485
            ],
            [
              88.2911022,
              22.4923006
            ],
            [
              88.2913731,
              22.4933816
            ],
            [
              88.2915432,
              22.493724
            ],
            [
              88.2917987,
              22.4944824
            ],
            [
              88.2920101,
              22.495298
            ],
            [
              88.2926271,
              22.4961891
            ],
            [
              88.2931804,
              22.4961157
            ],
            [
              88.2937874,
              22.4962695
            ],
            [
              88.2939381,
              22.4963754
            ],
            [
              88.2939719,
              22.4970019
            ],
            [
              88.2940204,
              22.4971454
            ],
            [
              88.2943634,
              22.4975362
            ],
            [
              88.2948179,
              22.4984491
            ],
            [
              88.2950767,
              22.4986968
            ],
            [
              88.2951563,
              22.4990309
            ],
            [
              88.2955541,
              22.4994165
            ],
            [
              88.2961496,
              22.499415
            ],
            [
              88.2964448,
              22.4996416
            ],
            [
              88.2968084,
              22.5002765
            ],
            [
              88.2970814,
              22.5004968
            ],
            [
              88.2971612,
              22.500642
            ],
            [
              88.2972423,
              22.5009148
            ],
            [
              88.2974437,
              22.5013247
            ],
            [
              88.2973995,
              22.5015907
            ],
            [
              88.2974401,
              22.5018088
            ],
            [
              88.2975409,
              22.5019783
            ],
            [
              88.2977079,
              22.5019709
            ],
            [
              88.2977581,
              22.5020323
            ],
            [
              88.2979493,
              22.5025702
            ],
            [
              88.2980213,
              22.5030416
            ],
            [
              88.2981255,
              22.5031871
            ],
            [
              88.2984867,
              22.5033991
            ],
            [
              88.2986656,
              22.5034511
            ],
            [
              88.2990479,
              22.5037467
            ],
            [
              88.2991203,
              22.5041374
            ],
            [
              88.2990364,
              22.5041947
            ],
            [
              88.2991241,
              22.5046315
            ],
            [
              88.2993162,
              22.5050923
            ],
            [
              88.299416,
              22.5055691
            ],
            [
              88.2994574,
              22.5060041
            ],
            [
              88.2994167,
              22.5060853
            ],
            [
              88.2978496,
              22.5064536
            ],
            [
              88.2974389,
              22.5065992
            ],
            [
              88.2969354,
              22.5068376
            ],
            [
              88.2968974,
              22.5070261
            ],
            [
              88.2971878,
              22.5101706
            ],
            [
              88.2974333,
              22.5106006
            ],
            [
              88.2979076,
              22.5120127
            ],
            [
              88.2979412,
              22.5121496
            ],
            [
              88.2978129,
              22.5122972
            ],
            [
              88.2978177,
              22.5125274
            ],
            [
              88.2980494,
              22.5131946
            ],
            [
              88.2980622,
              22.5138451
            ],
            [
              88.2982006,
              22.5144885
            ],
            [
              88.2984167,
              22.515065
            ],
            [
              88.298395,
              22.5153435
            ],
            [
              88.2981981,
              22.516118
            ],
            [
              88.2982494,
              22.5164863
            ],
            [
              88.2984945,
              22.5170711
            ],
            [
              88.2981889,
              22.517229
            ],
            [
              88.2981141,
              22.5174201
            ],
            [
              88.2976799,
              22.5172599
            ],
            [
              88.2934612,
              22.5167783
            ],
            [
              88.2929919,
              22.5166374
            ],
            [
              88.2918372,
              22.516155
            ],
            [
              88.2916826,
              22.5161652
            ],
            [
              88.2916118,
              22.5165258
            ],
            [
              88.2917023,
              22.5165491
            ],
            [
              88.2916857,
              22.5166734
            ],
            [
              88.2915715,
              22.5166968
            ],
            [
              88.2915658,
              22.5167822
            ],
            [
              88.2916377,
              22.516796
            ],
            [
              88.2915031,
              22.5169728
            ],
            [
              88.2916395,
              22.5170465
            ],
            [
              88.2914016,
              22.5191054
            ],
            [
              88.2915204,
              22.5197755
            ],
            [
              88.2917091,
              22.5197696
            ],
            [
              88.2917554,
              22.519828
            ],
            [
              88.2912447,
              22.5199538
            ],
            [
              88.2912338,
              22.5202234
            ],
            [
              88.2905766,
              22.5203704
            ],
            [
              88.2906562,
              22.5208267
            ],
            [
              88.290592,
              22.5208416
            ],
            [
              88.2906978,
              22.5212483
            ],
            [
              88.2903383,
              22.5213202
            ],
            [
              88.2905325,
              22.5219464
            ],
            [
              88.2908229,
              22.5225963
            ],
            [
              88.289981,
              22.5227367
            ],
            [
              88.2901083,
              22.5237107
            ],
            [
              88.2902675,
              22.5244531
            ],
            [
              88.2897961,
              22.5246708
            ],
            [
              88.2898989,
              22.524919
            ],
            [
              88.2894274,
              22.5251251
            ],
            [
              88.2895388,
              22.5253927
            ],
            [
              88.2896229,
              22.525427
            ],
            [
              88.2898028,
              22.5258419
            ],
            [
              88.290121,
              22.5257759
            ],
            [
              88.2899246,
              22.5269569
            ],
            [
              88.2899867,
              22.5284388
            ],
            [
              88.2903428,
              22.5284097
            ],
            [
              88.2901122,
              22.5287263
            ],
            [
              88.2901323,
              22.5289529
            ],
            [
              88.2901558,
              22.528998
            ],
            [
              88.2904628,
              22.5289918
            ],
            [
              88.2904786,
              22.5292003
            ],
            [
              88.2906055,
              22.5291888
            ],
            [
              88.2906257,
              22.5295119
            ],
            [
              88.2908448,
              22.5295143
            ],
            [
              88.2909172,
              22.5297996
            ],
            [
              88.2910712,
              22.5299457
            ],
            [
              88.2911928,
              22.5304798
            ],
            [
              88.2909575,
              22.5306725
            ],
            [
              88.2905244,
              22.5308549
            ],
            [
              88.2904593,
              22.5309474
            ],
            [
              88.2904907,
              22.5312858
            ],
            [
              88.2905862,
              22.5315849
            ],
            [
              88.2904971,
              22.5317381
            ],
            [
              88.2909302,
              22.5322942
            ],
            [
              88.2909698,
              22.5329914
            ],
            [
              88.2910138,
              22.533061
            ],
            [
              88.2913649,
              22.533266
            ],
            [
              88.2918453,
              22.5344523
            ],
            [
              88.2913148,
              22.5348334
            ],
            [
              88.2912721,
              22.5349437
            ],
            [
              88.2911549,
              22.5365661
            ],
            [
              88.2908637,
              22.536564
            ],
            [
              88.290892,
              22.5370741
            ],
            [
              88.2894831,
              22.5373169
            ],
            [
              88.2894344,
              22.5373813
            ],
            [
              88.2883263,
              22.5375608
            ],
            [
              88.2882631,
              22.5372111
            ],
            [
              88.2870593,
              22.537392
            ],
            [
              88.2870101,
              22.537184
            ],
            [
              88.2869339,
              22.5371918
            ],
            [
              88.2864545,
              22.5372605
            ],
            [
              88.2864486,
              22.5373861
            ],
            [
              88.2863471,
              22.5374024
            ],
            [
              88.2863649,
              22.537524
            ],
            [
              88.2856516,
              22.5376516
            ],
            [
              88.2855945,
              22.5376961
            ],
            [
              88.2854742,
              22.5372689
            ],
            [
              88.2853898,
              22.5372125
            ],
            [
              88.2852844,
              22.5372981
            ],
            [
              88.2852623,
              22.5375251
            ],
            [
              88.2848002,
              22.5375452
            ],
            [
              88.2845742,
              22.5375966
            ],
            [
              88.2845218,
              22.5375306
            ],
            [
              88.2844669,
              22.5375557
            ],
            [
              88.2846177,
              22.5377715
            ],
            [
              88.284139,
              22.5379216
            ],
            [
              88.2839853,
              22.5380983
            ],
            [
              88.2835883,
              22.538158
            ],
            [
              88.2834484,
              22.5378595
            ],
            [
              88.2828671,
              22.537967
            ],
            [
              88.2828359,
              22.5376993
            ],
            [
              88.2820331,
              22.5377888
            ],
            [
              88.2821843,
              22.5387756
            ],
            [
              88.2797382,
              22.5390996
            ],
            [
              88.2798206,
              22.5395025
            ],
            [
              88.2795962,
              22.5395769
            ],
            [
              88.2795969,
              22.5396706
            ],
            [
              88.2786178,
              22.539966
            ],
            [
              88.2785239,
              22.5397664
            ],
            [
              88.277522,
              22.540182
            ],
            [
              88.2774609,
              22.5399609
            ],
            [
              88.2768117,
              22.5401025
            ],
            [
              88.276439,
              22.5402667
            ],
            [
              88.276184,
              22.5402011
            ],
            [
              88.2761575,
              22.5403207
            ],
            [
              88.2763361,
              22.5410137
            ],
            [
              88.2763363,
              22.5413911
            ],
            [
              88.2757002,
              22.5416092
            ],
            [
              88.2756909,
              22.5416456
            ],
            [
              88.2752902,
              22.5416896
            ],
            [
              88.2752604,
              22.5416308
            ],
            [
              88.2749348,
              22.5417187
            ],
            [
              88.2747608,
              22.5412064
            ],
            [
              88.274621,
              22.5412011
            ],
            [
              88.2745946,
              22.5411664
            ],
            [
              88.2744976,
              22.5407678
            ],
            [
              88.2746059,
              22.5406993
            ],
            [
              88.2746326,
              22.5406119
            ],
            [
              88.2745375,
              22.5403501
            ],
            [
              88.2741163,
              22.5393679
            ],
            [
              88.274021,
              22.5393844
            ],
            [
              88.2739834,
              22.5392803
            ],
            [
              88.2738764,
              22.5393127
            ],
            [
              88.2738125,
              22.5390643
            ],
            [
              88.273353,
              22.5391829
            ],
            [
              88.2732589,
              22.5387135
            ],
            [
              88.2730174,
              22.538724
            ],
            [
              88.2729976,
              22.5386803
            ],
            [
              88.2720482,
              22.5388541
            ],
            [
              88.2719566,
              22.5388817
            ],
            [
              88.2719664,
              22.5389558
            ],
            [
              88.2717522,
              22.5389995
            ],
            [
              88.2717259,
              22.5389012
            ],
            [
              88.2716244,
              22.538921
            ],
            [
              88.2715896,
              22.5387971
            ],
            [
              88.2713703,
              22.5388381
            ],
            [
              88.27132,
              22.5385642
            ],
            [
              88.2710918,
              22.5385023
            ],
            [
              88.2712303,
              22.5378327
            ],
            [
              88.271199,
              22.537125
            ],
            [
              88.2703748,
              22.5372915
            ],
            [
              88.2702776,
              22.5373269
            ],
            [
              88.2703122,
              22.5374866
            ],
            [
              88.2700166,
              22.5375538
            ],
            [
              88.2698387,
              22.5375642
            ],
            [
              88.2698185,
              22.5374862
            ],
            [
              88.2696022,
              22.537551
            ],
            [
              88.2695727,
              22.5375032
            ],
            [
              88.2694301,
              22.537548
            ],
            [
              88.2693319,
              22.5373938
            ],
            [
              88.2690964,
              22.5375447
            ],
            [
              88.26906,
              22.5374717
            ],
            [
              88.2689915,
              22.5374982
            ],
            [
              88.268921,
              22.5373989
            ],
            [
              88.2690216,
              22.5372968
            ],
            [
              88.2688804,
              22.5371235
            ],
            [
              88.2689457,
              22.5370428
            ],
            [
              88.2687256,
              22.5368174
            ],
            [
              88.2682768,
              22.5370496
            ],
            [
              88.2681141,
              22.5368947
            ],
            [
              88.2682966,
              22.5367219
            ],
            [
              88.2683722,
              22.5364966
            ],
            [
              88.2683349,
              22.5364134
            ],
            [
              88.268224,
              22.5364313
            ],
            [
              88.2681121,
              22.5363445
            ],
            [
              88.2679422,
              22.5364095
            ],
            [
              88.2675831,
              22.5360992
            ],
            [
              88.2675142,
              22.5359161
            ],
            [
              88.2674624,
              22.5359011
            ],
            [
              88.267513,
              22.5355445
            ],
            [
              88.2672801,
              22.5355518
            ],
            [
              88.2672569,
              22.5354397
            ],
            [
              88.2671905,
              22.535432
            ],
            [
              88.2667301,
              22.5354959
            ],
            [
              88.2666831,
              22.5354431
            ],
            [
              88.2663685,
              22.5354854
            ],
            [
              88.2663131,
              22.5354586
            ],
            [
              88.2662817,
              22.535153
            ],
            [
              88.2662352,
              22.5351567
            ],
            [
              88.2662202,
              22.535087
            ],
            [
              88.266095,
              22.5350946
            ],
            [
              88.2660723,
              22.5349618
            ],
            [
              88.265876,
              22.5350166
            ],
            [
              88.2657823,
              22.5349508
            ],
            [
              88.2651558,
              22.5349424
            ],
            [
              88.2651423,
              22.535046
            ],
            [
              88.2651139,
              22.5350212
            ],
            [
              88.2649937,
              22.5348596
            ],
            [
              88.2649139,
              22.5346198
            ],
            [
              88.2648937,
              22.5343093
            ],
            [
              88.2649441,
              22.53421
            ],
            [
              88.2650396,
              22.5341512
            ],
            [
              88.2648708,
              22.5336883
            ],
            [
              88.2644085,
              22.5337631
            ],
            [
              88.2637765,
              22.5340906
            ],
            [
              88.2634692,
              22.5341314
            ],
            [
              88.2634601,
              22.5347247
            ],
            [
              88.26304,
              22.5348002
            ],
            [
              88.2629015,
              22.5348762
            ],
            [
              88.2628689,
              22.5351655
            ],
            [
              88.2626885,
              22.5353852
            ],
            [
              88.2616968,
              22.5355833
            ],
            [
              88.2615266,
              22.5354911
            ],
            [
              88.2611223,
              22.5355498
            ],
            [
              88.260901,
              22.5347888
            ],
            [
              88.2609034,
              22.5344596
            ],
            [
              88.2610712,
              22.5343162
            ],
            [
              88.2611349,
              22.5341452
            ],
            [
              88.2612491,
              22.5340557
            ],
            [
              88.261206,
              22.5336284
            ],
            [
              88.2610801,
              22.5333009
            ],
            [
              88.2610452,
              22.5329124
            ],
            [
              88.2608023,
              22.5329332
            ],
            [
              88.2606164,
              22.5330942
            ],
            [
              88.2605202,
              22.5331232
            ],
            [
              88.2599731,
              22.5330883
            ],
            [
              88.2597415,
              22.5331155
            ],
            [
              88.2597157,
              22.5332854
            ],
            [
              88.2598436,
              22.5335504
            ],
            [
              88.2598324,
              22.533814
            ],
            [
              88.2594864,
              22.5339021
            ],
            [
              88.2593847,
              22.5339862
            ],
            [
              88.2589691,
              22.5345527
            ],
            [
              88.2577946,
              22.5346361
            ],
            [
              88.2578096,
              22.5352152
            ],
            [
              88.2576507,
              22.5352279
            ],
            [
              88.2576441,
              22.5353876
            ],
            [
              88.2572248,
              22.5353738
            ],
            [
              88.2572205,
              22.5356776
            ],
            [
              88.2568957,
              22.5356936
            ],
            [
              88.2568808,
              22.5358174
            ],
            [
              88.2567342,
              22.5358526
            ],
            [
              88.2566872,
              22.5357336
            ],
            [
              88.2564306,
              22.5357825
            ],
            [
              88.2564867,
              22.5362031
            ],
            [
              88.2561132,
              22.5362721
            ],
            [
              88.2560769,
              22.5363235
            ],
            [
              88.2561564,
              22.5367364
            ],
            [
              88.2558805,
              22.5366771
            ],
            [
              88.2557056,
              22.5366976
            ],
            [
              88.255651,
              22.5367702
            ],
            [
              88.2556918,
              22.5368204
            ],
            [
              88.255617,
              22.5369041
            ],
            [
              88.2553659,
              22.5369527
            ],
            [
              88.255289,
              22.5373896
            ],
            [
              88.2553282,
              22.5385384
            ],
            [
              88.2567954,
              22.5382901
            ],
            [
              88.2571236,
              22.5382963
            ],
            [
              88.2573138,
              22.5387259
            ],
            [
              88.25821,
              22.5412772
            ],
            [
              88.2577522,
              22.5414917
            ],
            [
              88.2556686,
              22.5422665
            ],
            [
              88.2532261,
              22.543111
            ],
            [
              88.2530611,
              22.5427108
            ],
            [
              88.2525351,
              22.5408735
            ],
            [
              88.2525241,
              22.5407126
            ],
            [
              88.2520267,
              22.5411985
            ],
            [
              88.2514524,
              22.5416648
            ],
            [
              88.2510665,
              22.5421907
            ],
            [
              88.2508281,
              22.5423891
            ],
            [
              88.2506483,
              22.5424584
            ],
            [
              88.2502199,
              22.542454
            ],
            [
              88.2498798,
              22.5425545
            ],
            [
              88.2497696,
              22.5426119
            ],
            [
              88.2495616,
              22.5428394
            ],
            [
              88.2489139,
              22.5431511
            ],
            [
              88.2483898,
              22.5431321
            ],
            [
              88.2474304,
              22.5439456
            ],
            [
              88.2472909,
              22.5441311
            ],
            [
              88.2471402,
              22.5444652
            ],
            [
              88.2468746,
              22.5447074
            ],
            [
              88.2463099,
              22.5449048
            ],
            [
              88.2457953,
              22.5452534
            ],
            [
              88.245551,
              22.5453186
            ],
            [
              88.2449993,
              22.5452877
            ],
            [
              88.2447874,
              22.5453814
            ],
            [
              88.2448181,
              22.545164
            ],
            [
              88.2451641,
              22.5450632
            ],
            [
              88.2454111,
              22.5450313
            ],
            [
              88.2454755,
              22.5449705
            ],
            [
              88.2454316,
              22.5445891
            ],
            [
              88.2454487,
              22.5443629
            ],
            [
              88.2456183,
              22.5441901
            ],
            [
              88.2454492,
              22.5440269
            ],
            [
              88.2453226,
              22.5440621
            ],
            [
              88.2451672,
              22.5440647
            ],
            [
              88.2450074,
              22.5439955
            ],
            [
              88.2449305,
              22.5438498
            ],
            [
              88.244862,
              22.5433317
            ],
            [
              88.2448404,
              22.5431897
            ],
            [
              88.2447613,
              22.5431497
            ],
            [
              88.2443248,
              22.5431843
            ],
            [
              88.2442736,
              22.5431472
            ],
            [
              88.2442443,
              22.5430818
            ],
            [
              88.2442206,
              22.5424229
            ],
            [
              88.2442673,
              22.5422363
            ],
            [
              88.2444365,
              22.5420061
            ],
            [
              88.2445631,
              22.5418693
            ],
            [
              88.2447928,
              22.5418143
            ],
            [
              88.244891,
              22.5416984
            ],
            [
              88.2449207,
              22.5415937
            ],
            [
              88.2449197,
              22.5412553
            ],
            [
              88.2444912,
              22.5409513
            ],
            [
              88.2443006,
              22.5407343
            ],
            [
              88.2441843,
              22.5405634
            ],
            [
              88.2440441,
              22.5403071
            ],
            [
              88.2438332,
              22.5397018
            ],
            [
              88.2435916,
              22.5390705
            ],
            [
              88.2434943,
              22.5386895
            ],
            [
              88.2434926,
              22.5382909
            ],
            [
              88.2436045,
              22.5379867
            ],
            [
              88.2438864,
              22.5377388
            ],
            [
              88.2442654,
              22.5375208
            ],
            [
              88.2444407,
              22.5372269
            ],
            [
              88.2448386,
              22.5368253
            ],
            [
              88.2451376,
              22.536383
            ],
            [
              88.2453175,
              22.5360531
            ],
            [
              88.2454944,
              22.5357452
            ],
            [
              88.2457121,
              22.535409
            ],
            [
              88.2459112,
              22.5349617
            ],
            [
              88.2460845,
              22.5347318
            ],
            [
              88.2460967,
              22.5345002
            ],
            [
              88.2462776,
              22.5343719
            ],
            [
              88.2463045,
              22.5341208
            ],
            [
              88.2460641,
              22.5340376
            ],
            [
              88.2460033,
              22.5337906
            ],
            [
              88.2460686,
              22.5335501
            ],
            [
              88.245995,
              22.5333388
            ],
            [
              88.2460691,
              22.5329324
            ],
            [
              88.2462714,
              22.5324122
            ],
            [
              88.2464147,
              22.5320772
            ],
            [
              88.2464528,
              22.5318876
            ],
            [
              88.2463907,
              22.5315521
            ],
            [
              88.2463473,
              22.5309896
            ],
            [
              88.2462621,
              22.530369
            ],
            [
              88.246196,
              22.5300355
            ],
            [
              88.2462223,
              22.5297895
            ],
            [
              88.2463441,
              22.5292979
            ],
            [
              88.2464473,
              22.5290647
            ],
            [
              88.2464886,
              22.5289023
            ],
            [
              88.2464777,
              22.5286437
            ],
            [
              88.246377,
              22.5285687
            ],
            [
              88.2462896,
              22.5284865
            ],
            [
              88.2462448,
              22.5284045
            ],
            [
              88.2462185,
              22.528288
            ],
            [
              88.2462943,
              22.5279077
            ],
            [
              88.2461672,
              22.5278222
            ],
            [
              88.2459812,
              22.5277083
            ],
            [
              88.2458146,
              22.5275223
            ],
            [
              88.2457455,
              22.5274554
            ],
            [
              88.2455967,
              22.5270703
            ],
            [
              88.2455519,
              22.5268397
            ],
            [
              88.2454012,
              22.5265661
            ],
            [
              88.2453116,
              22.5263625
            ],
            [
              88.2453029,
              22.5262077
            ],
            [
              88.2451557,
              22.5261116
            ],
            [
              88.2449903,
              22.5259748
            ],
            [
              88.2448719,
              22.5257853
            ],
            [
              88.2447213,
              22.5255712
            ],
            [
              88.244467,
              22.5252916
            ],
            [
              88.2441241,
              22.5249194
            ],
            [
              88.2443102,
              22.5247962
            ],
            [
              88.2441186,
              22.5245999
            ],
            [
              88.2439883,
              22.5245646
            ],
            [
              88.2437984,
              22.5243641
            ],
            [
              88.2434902,
              22.5241124
            ],
            [
              88.2432237,
              22.5238446
            ],
            [
              88.2431999,
              22.523815
            ],
            [
              88.2431209,
              22.5237166
            ],
            [
              88.2428754,
              22.5234111
            ],
            [
              88.2427893,
              22.523314
            ],
            [
              88.2426237,
              22.5231274
            ],
            [
              88.24255,
              22.5229929
            ],
            [
              88.2425146,
              22.5228767
            ],
            [
              88.2425094,
              22.522774
            ],
            [
              88.2425273,
              22.5226709
            ],
            [
              88.2425873,
              22.5225633
            ],
            [
              88.2424581,
              22.5225189
            ],
            [
              88.242363,
              22.5224861
            ],
            [
              88.2423117,
              22.5223998
            ],
            [
              88.2422185,
              22.5223395
            ],
            [
              88.2421268,
              22.5222394
            ],
            [
              88.2417731,
              22.5219152
            ],
            [
              88.2415217,
              22.5217273
            ],
            [
              88.2414321,
              22.5216204
            ],
            [
              88.2414341,
              22.5215624
            ],
            [
              88.2414602,
              22.5215114
            ],
            [
              88.2413055,
              22.5213497
            ],
            [
              88.241247,
              22.5213334
            ],
            [
              88.2411322,
              22.5212494
            ],
            [
              88.241013,
              22.5210743
            ],
            [
              88.240993,
              22.5209816
            ],
            [
              88.2409002,
              22.5208651
            ],
            [
              88.2408234,
              22.5208589
            ],
            [
              88.2407298,
              22.520854
            ],
            [
              88.2406014,
              22.5208169
            ],
            [
              88.2404876,
              22.5207668
            ],
            [
              88.2399612,
              22.5203871
            ],
            [
              88.2394393,
              22.5198726
            ],
            [
              88.2391462,
              22.5196121
            ],
            [
              88.2380083,
              22.5190321
            ],
            [
              88.2370126,
              22.5185323
            ],
            [
              88.236108,
              22.5181279
            ],
            [
              88.2350117,
              22.5176527
            ],
            [
              88.2323653,
              22.5168378
            ],
            [
              88.2290717,
              22.5163767
            ],
            [
              88.2249483,
              22.5161056
            ],
            [
              88.2192215,
              22.5158768
            ],
            [
              88.2175561,
              22.5156257
            ],
            [
              88.2149589,
              22.5151569
            ],
            [
              88.2137647,
              22.5146483
            ],
            [
              88.2125961,
              22.5143332
            ],
            [
              88.2117477,
              22.5138425
            ],
            [
              88.2107553,
              22.5131231
            ],
            [
              88.209755,
              22.5125327
            ],
            [
              88.2091649,
              22.5121633
            ],
            [
              88.20805,
              22.5116358
            ],
            [
              88.2067626,
              22.5108669
            ],
            [
              88.2060528,
              22.510661
            ],
            [
              88.2039998,
              22.509211
            ],
            [
              88.2033123,
              22.5089534
            ],
            [
              88.201928,
              22.5076862
            ],
            [
              88.2009473,
              22.5069499
            ],
            [
              88.2002806,
              22.5061936
            ],
            [
              88.199407,
              22.5058933
            ],
            [
              88.1982351,
              22.5044198
            ],
            [
              88.1977315,
              22.5043612
            ],
            [
              88.197055,
              22.503538
            ],
            [
              88.1975369,
              22.503403
            ],
            [
              88.1980991,
              22.5034556
            ],
            [
              88.1983999,
              22.5028426
            ],
            [
              88.1992549,
              22.502067
            ],
            [
              88.2002651,
              22.5017306
            ],
            [
              88.2006068,
              22.5010489
            ],
            [
              88.1988613,
              22.4982577
            ],
            [
              88.198697,
              22.495908
            ],
            [
              88.1991418,
              22.4938819
            ],
            [
              88.1997869,
              22.4928351
            ],
            [
              88.1999175,
              22.491819
            ],
            [
              88.1990017,
              22.4903087
            ],
            [
              88.1990184,
              22.4899566
            ],
            [
              88.2007935,
              22.4890674
            ],
            [
              88.2012012,
              22.4880886
            ],
            [
              88.2015087,
              22.4877148
            ],
            [
              88.2057557,
              22.4861191
            ],
            [
              88.2071509,
              22.4863558
            ],
            [
              88.2077635,
              22.4868342
            ],
            [
              88.208218,
              22.4877763
            ],
            [
              88.2096872,
              22.488811
            ],
            [
              88.2098977,
              22.4893917
            ],
            [
              88.2096889,
              22.4900032
            ],
            [
              88.2097625,
              22.4905437
            ],
            [
              88.2100633,
              22.4914022
            ],
            [
              88.2112466,
              22.4914577
            ],
            [
              88.2118182,
              22.4912569
            ],
            [
              88.2126803,
              22.490688
            ],
            [
              88.2129229,
              22.4901596
            ],
            [
              88.2134009,
              22.4898415
            ],
            [
              88.2157511,
              22.4897918
            ],
            [
              88.2168243,
              22.4893495
            ],
            [
              88.2171777,
              22.4885894
            ],
            [
              88.217522,
              22.488367
            ],
            [
              88.2182173,
              22.4883732
            ],
            [
              88.2191933,
              22.488129
            ],
            [
              88.2198735,
              22.4887064
            ],
            [
              88.2208562,
              22.4886478
            ],
            [
              88.2216292,
              22.489157
            ],
            [
              88.2224222,
              22.4890553
            ],
            [
              88.2242092,
              22.4899499
            ],
            [
              88.2248845,
              22.489891
            ],
            [
              88.2263519,
              22.4889888
            ],
            [
              88.2264965,
              22.4870006
            ],
            [
              88.2283546,
              22.4861093
            ],
            [
              88.2303491,
              22.4858467
            ],
            [
              88.2320139,
              22.485272
            ],
            [
              88.2313324,
              22.4833272
            ],
            [
              88.2304199,
              22.479279
            ],
            [
              88.2295558,
              22.4781541
            ],
            [
              88.2306355,
              22.4765166
            ],
            [
              88.2307658,
              22.4748433
            ],
            [
              88.2304383,
              22.4746889
            ],
            [
              88.2304101,
              22.474285
            ],
            [
              88.2311184,
              22.4738436
            ],
            [
              88.2330989,
              22.4738551
            ],
            [
              88.2336037,
              22.4743495
            ],
            [
              88.2341486,
              22.474331
            ],
            [
              88.2364933,
              22.475341
            ],
            [
              88.2369687,
              22.4761769
            ],
            [
              88.2380543,
              22.4767675
            ],
            [
              88.2384689,
              22.4773609
            ],
            [
              88.2393362,
              22.4802597
            ],
            [
              88.240897,
              22.4811588
            ],
            [
              88.2409782,
              22.4815934
            ],
            [
              88.2400356,
              22.4823562
            ],
            [
              88.2399989,
              22.4827853
            ],
            [
              88.2401625,
              22.4839724
            ],
            [
              88.239972,
              22.4845889
            ],
            [
              88.2389157,
              22.4850551
            ],
            [
              88.2386115,
              22.4854195
            ],
            [
              88.2385747,
              22.4859848
            ],
            [
              88.2397445,
              22.4887676
            ],
            [
              88.2405869,
              22.4893019
            ],
            [
              88.2404532,
              22.4899443
            ],
            [
              88.2406202,
              22.4911455
            ],
            [
              88.2425173,
              22.4931182
            ],
            [
              88.245529,
              22.4940319
            ],
            [
              88.2464081,
              22.4931667
            ],
            [
              88.2472972,
              22.492796
            ],
            [
              88.2497641,
              22.4924471
            ],
            [
              88.2504561,
              22.4921505
            ],
            [
              88.2508967,
              22.4917302
            ],
            [
              88.2510605,
              22.4902322
            ],
            [
              88.2518926,
              22.4900892
            ],
            [
              88.2521521,
              22.4894793
            ],
            [
              88.2527735,
              22.4880718
            ],
            [
              88.2532648,
              22.4877598
            ],
            [
              88.2537061,
              22.4869414
            ],
            [
              88.2544564,
              22.4876663
            ],
            [
              88.2568966,
              22.4887472
            ],
            [
              88.2585851,
              22.4880546
            ],
            [
              88.2596348,
              22.4884
            ],
            [
              88.2601963,
              22.4881625
            ],
            [
              88.2604402,
              22.4872405
            ],
            [
              88.2610247,
              22.4870519
            ],
            [
              88.2619305,
              22.4872527
            ],
            [
              88.2634363,
              22.4857073
            ],
            [
              88.2633995,
              22.4841038
            ],
            [
              88.2639578,
              22.482511
            ],
            [
              88.2647701,
              22.4823813
            ],
            [
              88.2656245,
              22.4825156
            ],
            [
              88.265767,
              22.4820619
            ],
            [
              88.2674728,
              22.4809711
            ],
            [
              88.2692409,
              22.4812482
            ],
            [
              88.2699193,
              22.4820107
            ],
            [
              88.2702685,
              22.4831823
            ],
            [
              88.2693256,
              22.4835581
            ],
            [
              88.2679083,
              22.4847442
            ],
            [
              88.2677412,
              22.4857243
            ],
            [
              88.268142,
              22.4869132
            ],
            [
              88.2685838,
              22.4885642
            ]
          ]
        ]
      },
      "id": "relation/21295711"
    },
    {
      "type": "Feature",
      "properties": {
        "@id": "node/245707150",
        "@relations": [
          {
            "role": "label",
            "rel": 9381363,
            "reltags": {
              "admin_level": "8",
              "alt_name:ar": "كلكتا;كالكوتا",
              "alt_name:ur": "کولکاتا;کولکاتہ",
              "boundary": "administrative",
              "name": "Kolkata",
              "name:ar": "كلكتة",
              "name:azb": "کلکته",
              "name:bn": "কলকাতা",
              "name:en": "Kolkata",
              "name:fa": "کلکته",
              "name:hi": "कोलकाता",
              "name:hr": "Kolkata",
              "name:kk-Arab": "كالكۋتتا",
              "name:ks": "کَلٕکَتا",
              "name:pnb": "کلکتا",
              "name:ps": "کلکته",
              "name:pt": "Calcutá",
              "name:sd": "ڪلڪتو",
              "name:sk": "Kalkata",
              "name:ur": "کلکتہ",
              "name:zh": "加尔各答",
              "ref:LGD": "250299",
              "type": "boundary",
              "wikidata": "Q1348",
              "wikipedia": "en:Kolkata",
              "wikipedia:ar": "كلكتا",
              "wikipedia:ks": "کَلٕکَتا",
              "wikipedia:pnb": "کلکتا",
              "wikipedia:ps": "کلکته",
              "wikipedia:sd": "ڪلڪتو",
              "wikipedia:ur": "کولکاتا"
            }
          }
        ]
      },
      "geometry": {
        "type": "Point",
        "coordinates": [
          88.3638953,
          22.5726459
        ]
      },
      "id": "node/245707150"
    },
    {
      "type": "Feature",
      "properties": {
        "@id": "node/10654284298",
        "@relations": [
          {
            "role": "admin_centre",
            "rel": 10372370,
            "reltags": {
              "admin_level": "6",
              "boundary": "administrative",
              "name": "Bhangar - II",
              "ref:LGD:subdistrict": "2419",
              "type": "boundary",
              "wikidata": "Q4901010",
              "wikipedia": "en:Bhangar II"
            }
          }
        ]
      },
      "geometry": {
        "type": "Point",
        "coordinates": [
          88.6024169,
          22.509536
        ]
      },
      "id": "node/10654284298"
    },
    {
      "type": "Feature",
      "properties": {
        "@id": "node/7154718363",
        "@relations": [
          {
            "role": "admin_centre",
            "rel": 10372371,
            "reltags": {
              "admin_level": "6",
              "boundary": "administrative",
              "name": "Sonarpur",
              "ref:LGD:subdistrict": "2417",
              "type": "boundary",
              "wikidata": "Q7560812",
              "wikipedia": "en:Sonarpur (community development block)"
            }
          }
        ]
      },
      "geometry": {
        "type": "Point",
        "coordinates": [
          88.4246368,
          22.4408748
        ]
      },
      "id": "node/7154718363"
    },
    {
      "type": "Feature",
      "properties": {
        "@id": "node/10657654652",
        "@relations": [
          {
            "role": "admin_centre",
            "rel": 10372372,
            "reltags": {
              "admin_level": "6",
              "boundary": "administrative",
              "name": "Thakurpukur Maheshtala",
              "ref:LGD:subdistrict": "2412",
              "type": "boundary",
              "wikidata": "Q7709441",
              "wikipedia": "en:Thakurpukur Maheshtala"
            }
          },
          {
            "role": "label",
            "rel": 21295711,
            "reltags": {
              "admin_level": "8",
              "boundary": "administrative",
              "name": "Maheshtala",
              "type": "boundary"
            }
          }
        ]
      },
      "geometry": {
        "type": "Point",
        "coordinates": [
          88.2501665,
          22.5060294
        ]
      },
      "id": "node/10657654652"
    }
  ]
}